Education,JoiningYear,City,PaymentTier,Age,Gender,EverBenched,ExperienceInCurrentDomain,LeaveOrNot,AttritionStatus,AgeGroup,ExperienceGroup,PaymentTierLabel
Bachelors,2017,Bangalore,3,34,Male,0,0,0,Stayed,25-34,"0 Years","Tier 3"
Bachelors,2013,Pune,1,28,Female,0,3,1,Left,25-34,"3-4 Years","Tier 1"
Bachelors,2014,"New Delhi",3,38,Female,0,2,0,Stayed,35-44,"1-2 Years","Tier 3"
Masters,2016,Bangalore,3,27,Male,0,5,1,Left,25-34,"5+ Years","Tier 3"
Masters,2017,Pune,3,24,Male,1,2,1,Left,"Under 25","1-2 Years","Tier 3"
Bachelors,2016,Bangalore,3,22,Male,0,0,0,Stayed,"Under 25","0 Years","Tier 3"
Bachelors,2015,"New Delhi",3,38,Male,0,0,0,Stayed,35-44,"0 Years","Tier 3"
Bachelors,2016,Bangalore,3,34,Female,0,2,1,Left,25-34,"1-2 Years","Tier 3"
Bachelors,2016,Pune,3,23,Male,0,1,0,Stayed,"Under 25","1-2 Years","Tier 3"
Masters,2017,"New Delhi",2,37,Male,0,2,0,Stayed,35-44,"1-2 Years","Tier 2"
Masters,2012,Bangalore,3,27,Male,0,5,1,Left,25-34,"5+ Years","Tier 3"
Bachelors,2016,Pune,3,34,Male,0,3,0,Stayed,25-34,"3-4 Years","Tier 3"
Bachelors,2018,Pune,3,32,Male,1,5,1,Left,25-34,"5+ Years","Tier 3"
Bachelors,2016,Bangalore,3,39,Male,0,2,0,Stayed,35-44,"1-2 Years","Tier 3"
Bachelors,2012,Bangalore,3,37,Male,0,4,0,Stayed,35-44,"3-4 Years","Tier 3"
Bachelors,2017,Bangalore,1,29,Male,0,3,0,Stayed,25-34,"3-4 Years","Tier 1"
Bachelors,2014,Bangalore,3,34,Female,0,2,0,Stayed,25-34,"1-2 Years","Tier 3"
Bachelors,2014,Pune,3,34,Male,0,4,0,Stayed,25-34,"3-4 Years","Tier 3"
Bachelors,2015,Pune,2,30,Female,0,0,1,Left,25-34,"0 Years","Tier 2"
Bachelors,2016,"New Delhi",2,22,Female,0,0,1,Left,"Under 25","0 Years","Tier 2"
Bachelors,2012,Bangalore,3,37,Male,0,0,0,Stayed,35-44,"0 Years","Tier 3"
Masters,2017,"New Delhi",2,28,Male,0,4,0,Stayed,25-34,"3-4 Years","Tier 2"
Bachelors,2017,"New Delhi",2,36,Male,0,3,0,Stayed,35-44,"3-4 Years","Tier 2"
Bachelors,2015,Bangalore,3,27,Male,1,5,0,Stayed,25-34,"5+ Years","Tier 3"
Bachelors,2017,Bangalore,3,29,Male,0,4,0,Stayed,25-34,"3-4 Years","Tier 3"
Bachelors,2013,Bangalore,3,22,Female,1,0,0,Stayed,"Under 25","0 Years","Tier 3"
Bachelors,2016,Bangalore,3,37,Male,0,2,0,Stayed,35-44,"1-2 Years","Tier 3"
Bachelors,2015,Bangalore,3,23,Male,0,1,0,Stayed,"Under 25","1-2 Years","Tier 3"
Bachelors,2013,Pune,2,31,Female,0,2,1,Left,25-34,"1-2 Years","Tier 2"
Masters,2017,"New Delhi",2,30,Female,0,2,0,Stayed,25-34,"1-2 Years","Tier 2"
PHD,2013,"New Delhi",3,25,Male,0,3,0,Stayed,25-34,"3-4 Years","Tier 3"
Bachelors,2014,Bangalore,3,23,Male,0,1,0,Stayed,"Under 25","1-2 Years","Tier 3"
Bachelors,2018,Bangalore,3,26,Male,0,4,1,Left,25-34,"3-4 Years","Tier 3"
Bachelors,2016,Bangalore,3,40,Male,0,5,0,Stayed,35-44,"5+ Years","Tier 3"
Bachelors,2017,Pune,2,37,Female,0,0,1,Left,35-44,"0 Years","Tier 2"
Bachelors,2014,Bangalore,1,30,Female,0,3,0,Stayed,25-34,"3-4 Years","Tier 1"
Bachelors,2012,"New Delhi",3,29,Male,0,3,0,Stayed,25-34,"3-4 Years","Tier 3"
Bachelors,2018,"New Delhi",2,34,Female,0,0,1,Left,25-34,"0 Years","Tier 2"
Bachelors,2017,Pune,2,29,Female,0,2,1,Left,25-34,"1-2 Years","Tier 2"
Bachelors,2014,Pune,3,30,Male,1,4,0,Stayed,25-34,"3-4 Years","Tier 3"
Bachelors,2015,Bangalore,3,36,Male,0,1,0,Stayed,35-44,"1-2 Years","Tier 3"
Masters,2017,"New Delhi",2,23,Male,0,1,0,Stayed,"Under 25","1-2 Years","Tier 2"
Bachelors,2013,Bangalore,3,30,Male,0,3,1,Left,25-34,"3-4 Years","Tier 3"
Bachelors,2014,Bangalore,3,36,Male,0,0,0,Stayed,35-44,"0 Years","Tier 3"
Bachelors,2015,Pune,3,39,Male,0,4,0,Stayed,35-44,"3-4 Years","Tier 3"
Bachelors,2014,Bangalore,3,23,Female,0,1,0,Stayed,"Under 25","1-2 Years","Tier 3"
PHD,2012,"New Delhi",3,27,Male,0,5,0,Stayed,25-34,"5+ Years","Tier 3"
Masters,2013,"New Delhi",3,35,Male,0,2,0,Stayed,35-44,"1-2 Years","Tier 3"
Masters,2017,"New Delhi",2,34,Male,0,0,0,Stayed,25-34,"0 Years","Tier 2"
Bachelors,2013,Bangalore,3,30,Female,0,1,0,Stayed,25-34,"1-2 Years","Tier 3"
PHD,2017,"New Delhi",3,34,Male,0,2,0,Stayed,25-34,"1-2 Years","Tier 3"
Bachelors,2015,Pune,2,26,Female,0,4,1,Left,25-34,"3-4 Years","Tier 2"
Bachelors,2016,Bangalore,3,34,Female,0,0,0,Stayed,25-34,"0 Years","Tier 3"
Bachelors,2014,Bangalore,3,31,Female,1,5,0,Stayed,25-34,"5+ Years","Tier 3"
Bachelors,2017,"New Delhi",3,31,Female,1,5,0,Stayed,25-34,"5+ Years","Tier 3"
PHD,2013,"New Delhi",3,28,Male,0,2,0,Stayed,25-34,"1-2 Years","Tier 3"
Bachelors,2016,Bangalore,3,38,Male,0,2,0,Stayed,35-44,"1-2 Years","Tier 3"
Masters,2014,Pune,3,39,Female,0,2,0,Stayed,35-44,"1-2 Years","Tier 3"
Bachelors,2013,Pune,3,32,Male,0,4,0,Stayed,25-34,"3-4 Years","Tier 3"
Masters,2017,Pune,2,36,Male,0,2,1,Left,35-44,"1-2 Years","Tier 2"
Masters,2013,"New Delhi",3,29,Male,0,3,0,Stayed,25-34,"3-4 Years","Tier 3"
Bachelors,2015,Bangalore,3,30,Male,0,5,0,Stayed,25-34,"5+ Years","Tier 3"
PHD,2013,Bangalore,2,25,Male,0,3,1,Left,25-34,"3-4 Years","Tier 2"
Bachelors,2014,Pune,1,22,Female,0,0,1,Left,"Under 25","0 Years","Tier 1"
Bachelors,2016,Bangalore,3,34,Male,0,4,0,Stayed,25-34,"3-4 Years","Tier 3"
Bachelors,2018,Bangalore,3,40,Male,0,1,1,Left,35-44,"1-2 Years","Tier 3"
PHD,2013,Bangalore,3,26,Male,0,4,0,Stayed,25-34,"3-4 Years","Tier 3"
Bachelors,2014,"New Delhi",3,28,Male,0,0,0,Stayed,25-34,"0 Years","Tier 3"
Bachelors,2015,Bangalore,3,24,Female,0,2,0,Stayed,"Under 25","1-2 Years","Tier 3"
Masters,2017,Bangalore,3,40,Female,0,2,1,Left,35-44,"1-2 Years","Tier 3"
Bachelors,2018,Bangalore,3,23,Female,0,1,1,Left,"Under 25","1-2 Years","Tier 3"
Masters,2017,Bangalore,3,31,Male,0,4,0,Stayed,25-34,"3-4 Years","Tier 3"
Bachelors,2014,Pune,3,25,Female,0,3,0,Stayed,25-34,"3-4 Years","Tier 3"
Bachelors,2014,Bangalore,1,27,Male,0,5,0,Stayed,25-34,"5+ Years","Tier 1"
Masters,2017,"New Delhi",2,25,Female,0,3,1,Left,25-34,"3-4 Years","Tier 2"
Bachelors,2015,Bangalore,3,40,Male,0,0,1,Left,35-44,"0 Years","Tier 3"
Bachelors,2014,Bangalore,1,23,Female,0,1,0,Stayed,"Under 25","1-2 Years","Tier 1"
Bachelors,2017,Bangalore,3,23,Female,0,1,0,Stayed,"Under 25","1-2 Years","Tier 3"
Bachelors,2012,Bangalore,3,39,Male,0,1,0,Stayed,35-44,"1-2 Years","Tier 3"
PHD,2015,"New Delhi",1,37,Male,0,1,0,Stayed,35-44,"1-2 Years","Tier 1"
Bachelors,2017,Pune,3,38,Male,0,2,0,Stayed,35-44,"1-2 Years","Tier 3"
Bachelors,2013,Bangalore,3,31,Female,0,0,1,Left,25-34,"0 Years","Tier 3"
Bachelors,2016,Bangalore,3,38,Male,0,5,0,Stayed,35-44,"5+ Years","Tier 3"
Bachelors,2017,Bangalore,3,25,Female,0,3,0,Stayed,25-34,"3-4 Years","Tier 3"
Bachelors,2015,Bangalore,3,27,Female,1,5,1,Left,25-34,"5+ Years","Tier 3"
Bachelors,2016,Pune,2,36,Male,0,0,1,Left,35-44,"0 Years","Tier 2"
Bachelors,2017,Pune,2,27,Female,0,5,1,Left,25-34,"5+ Years","Tier 2"
Masters,2015,Pune,2,32,Female,0,4,0,Stayed,25-34,"3-4 Years","Tier 2"
Bachelors,2014,Bangalore,3,28,Male,0,4,0,Stayed,25-34,"3-4 Years","Tier 3"
Masters,2012,"New Delhi",3,32,Male,0,2,0,Stayed,25-34,"1-2 Years","Tier 3"
Bachelors,2018,Bangalore,3,30,Male,0,0,1,Left,25-34,"0 Years","Tier 3"
Bachelors,2015,"New Delhi",3,22,Male,0,0,0,Stayed,"Under 25","0 Years","Tier 3"
Bachelors,2017,"New Delhi",2,34,Female,0,5,0,Stayed,25-34,"5+ Years","Tier 2"
Masters,2013,"New Delhi",3,36,Male,0,2,0,Stayed,35-44,"1-2 Years","Tier 3"
Bachelors,2014,Bangalore,3,39,Male,0,3,1,Left,35-44,"3-4 Years","Tier 3"
PHD,2018,Bangalore,3,26,Male,0,4,1,Left,25-34,"3-4 Years","Tier 3"
Bachelors,2016,Bangalore,3,31,Female,0,0,0,Stayed,25-34,"0 Years","Tier 3"
Bachelors,2014,Bangalore,3,27,Male,0,5,1,Left,25-34,"5+ Years","Tier 3"
Bachelors,2014,Bangalore,3,29,Female,0,0,0,Stayed,25-34,"0 Years","Tier 3"
Bachelors,2015,Bangalore,3,24,Female,0,2,1,Left,"Under 25","1-2 Years","Tier 3"
Masters,2012,Pune,3,25,Male,0,3,1,Left,25-34,"3-4 Years","Tier 3"
Bachelors,2013,Pune,3,25,Male,0,3,0,Stayed,25-34,"3-4 Years","Tier 3"
Masters,2017,"New Delhi",3,26,Female,0,4,1,Left,25-34,"3-4 Years","Tier 3"
Bachelors,2015,Pune,2,28,Female,1,1,1,Left,25-34,"1-2 Years","Tier 2"
Bachelors,2017,"New Delhi",3,28,Male,0,2,0,Stayed,25-34,"1-2 Years","Tier 3"
Masters,2015,Pune,1,28,Female,0,3,1,Left,25-34,"3-4 Years","Tier 1"
Masters,2015,"New Delhi",3,25,Male,0,3,0,Stayed,25-34,"3-4 Years","Tier 3"
Bachelors,2017,Bangalore,3,28,Male,0,1,0,Stayed,25-34,"1-2 Years","Tier 3"
Masters,2013,Pune,3,25,Male,0,3,0,Stayed,25-34,"3-4 Years","Tier 3"
Bachelors,2015,Bangalore,2,25,Female,0,3,1,Left,25-34,"3-4 Years","Tier 2"
Bachelors,2015,Bangalore,3,27,Female,0,5,0,Stayed,25-34,"5+ Years","Tier 3"
Bachelors,2013,Bangalore,3,27,Male,0,5,1,Left,25-34,"5+ Years","Tier 3"
Bachelors,2012,Bangalore,3,25,Male,0,3,0,Stayed,25-34,"3-4 Years","Tier 3"
Masters,2017,"New Delhi",2,28,Male,0,2,0,Stayed,25-34,"1-2 Years","Tier 2"
Bachelors,2014,Pune,1,26,Female,0,4,1,Left,25-34,"3-4 Years","Tier 1"
Bachelors,2015,Bangalore,3,28,Male,0,2,0,Stayed,25-34,"1-2 Years","Tier 3"
Masters,2013,"New Delhi",3,26,Male,0,4,0,Stayed,25-34,"3-4 Years","Tier 3"
Bachelors,2017,Bangalore,3,26,Female,0,4,0,Stayed,25-34,"3-4 Years","Tier 3"
Bachelors,2017,"New Delhi",2,25,Male,0,3,0,Stayed,25-34,"3-4 Years","Tier 2"
Bachelors,2012,Bangalore,1,28,Female,0,3,0,Stayed,25-34,"3-4 Years","Tier 1"
PHD,2015,"New Delhi",3,26,Male,0,4,0,Stayed,25-34,"3-4 Years","Tier 3"
Bachelors,2015,"New Delhi",3,25,Female,0,3,0,Stayed,25-34,"3-4 Years","Tier 3"
Bachelors,2012,Bangalore,3,26,Male,0,4,1,Left,25-34,"3-4 Years","Tier 3"
Bachelors,2014,Bangalore,3,28,Female,0,3,0,Stayed,25-34,"3-4 Years","Tier 3"
Masters,2014,Pune,3,24,Male,0,2,0,Stayed,"Under 25","1-2 Years","Tier 3"
Bachelors,2013,Bangalore,3,28,Male,0,1,0,Stayed,25-34,"1-2 Years","Tier 3"
Bachelors,2015,Pune,3,27,Male,0,5,0,Stayed,25-34,"5+ Years","Tier 3"
Bachelors,2018,Bangalore,3,25,Male,0,3,1,Left,25-34,"3-4 Years","Tier 3"
Masters,2013,Pune,1,24,Male,0,2,1,Left,"Under 25","1-2 Years","Tier 1"
Bachelors,2013,Bangalore,3,28,Male,0,1,1,Left,25-34,"1-2 Years","Tier 3"
Masters,2016,"New Delhi",3,27,Male,0,5,0,Stayed,25-34,"5+ Years","Tier 3"
Masters,2017,Bangalore,3,26,Male,0,4,0,Stayed,25-34,"3-4 Years","Tier 3"
Masters,2017,"New Delhi",2,24,Male,0,2,0,Stayed,"Under 25","1-2 Years","Tier 2"
Masters,2018,"New Delhi",3,26,Male,0,4,1,Left,25-34,"3-4 Years","Tier 3"
Masters,2017,"New Delhi",1,25,Female,0,3,1,Left,25-34,"3-4 Years","Tier 1"
Bachelors,2012,Pune,3,28,Male,0,2,0,Stayed,25-34,"1-2 Years","Tier 3"
Bachelors,2013,Bangalore,3,26,Male,0,4,0,Stayed,25-34,"3-4 Years","Tier 3"
Masters,2013,"New Delhi",3,27,Male,0,5,1,Left,25-34,"5+ Years","Tier 3"
Bachelors,2017,Pune,2,24,Female,0,2,1,Left,"Under 25","1-2 Years","Tier 2"
Bachelors,2017,"New Delhi",3,28,Female,0,2,0,Stayed,25-34,"1-2 Years","Tier 3"
Bachelors,2016,Bangalore,3,26,Male,0,4,0,Stayed,25-34,"3-4 Years","Tier 3"
Bachelors,2013,Bangalore,3,27,Female,0,5,0,Stayed,25-34,"5+ Years","Tier 3"
Masters,2015,Pune,2,28,Female,0,3,0,Stayed,25-34,"3-4 Years","Tier 2"
Bachelors,2014,Bangalore,3,25,Male,0,3,0,Stayed,25-34,"3-4 Years","Tier 3"
Bachelors,2016,Pune,3,28,Male,0,1,0,Stayed,25-34,"1-2 Years","Tier 3"
Masters,2013,Bangalore,1,25,Male,0,3,1,Left,25-34,"3-4 Years","Tier 1"
Bachelors,2015,Pune,3,26,Male,0,4,0,Stayed,25-34,"3-4 Years","Tier 3"
Bachelors,2018,"New Delhi",3,27,Female,0,5,1,Left,25-34,"5+ Years","Tier 3"
Bachelors,2016,Bangalore,3,24,Male,0,2,1,Left,"Under 25","1-2 Years","Tier 3"
Bachelors,2012,Pune,2,24,Female,0,2,1,Left,"Under 25","1-2 Years","Tier 2"
Bachelors,2014,Bangalore,3,26,Male,0,4,0,Stayed,25-34,"3-4 Years","Tier 3"
Bachelors,2016,Pune,2,24,Female,0,2,1,Left,"Under 25","1-2 Years","Tier 2"
Masters,2012,"New Delhi",3,26,Female,0,4,0,Stayed,25-34,"3-4 Years","Tier 3"
Bachelors,2013,Bangalore,3,28,Female,0,3,0,Stayed,25-34,"3-4 Years","Tier 3"
Bachelors,2012,Bangalore,3,24,Male,0,2,1,Left,"Under 25","1-2 Years","Tier 3"
Bachelors,2015,Bangalore,3,25,Male,0,3,1,Left,25-34,"3-4 Years","Tier 3"
Bachelors,2016,Bangalore,3,28,Male,0,3,0,Stayed,25-34,"3-4 Years","Tier 3"
Bachelors,2013,Bangalore,3,26,Female,0,4,0,Stayed,25-34,"3-4 Years","Tier 3"
Masters,2017,"New Delhi",3,24,Female,0,2,1,Left,"Under 25","1-2 Years","Tier 3"
Bachelors,2016,Bangalore,3,25,Male,0,3,1,Left,25-34,"3-4 Years","Tier 3"
Bachelors,2015,Bangalore,3,25,Male,0,3,0,Stayed,25-34,"3-4 Years","Tier 3"
Bachelors,2014,Bangalore,3,27,Male,0,5,0,Stayed,25-34,"5+ Years","Tier 3"
Bachelors,2012,Bangalore,3,24,Male,0,2,0,Stayed,"Under 25","1-2 Years","Tier 3"
Bachelors,2015,Bangalore,3,28,Male,0,3,0,Stayed,25-34,"3-4 Years","Tier 3"
Masters,2015,"New Delhi",3,26,Male,0,4,1,Left,25-34,"3-4 Years","Tier 3"
Bachelors,2014,"New Delhi",3,28,Female,0,1,0,Stayed,25-34,"1-2 Years","Tier 3"
Bachelors,2015,Pune,3,25,Male,0,3,0,Stayed,25-34,"3-4 Years","Tier 3"
Masters,2015,Pune,2,28,Female,0,2,0,Stayed,25-34,"1-2 Years","Tier 2"
Bachelors,2014,Bangalore,3,27,Female,0,5,0,Stayed,25-34,"5+ Years","Tier 3"
Bachelors,2014,"New Delhi",3,24,Female,0,2,0,Stayed,"Under 25","1-2 Years","Tier 3"
Bachelors,2012,Bangalore,3,27,Male,0,5,1,Left,25-34,"5+ Years","Tier 3"
Masters,2017,"New Delhi",3,27,Male,0,5,1,Left,25-34,"5+ Years","Tier 3"
Bachelors,2018,Bangalore,3,24,Male,0,2,1,Left,"Under 25","1-2 Years","Tier 3"
Masters,2017,"New Delhi",2,28,Female,0,1,1,Left,25-34,"1-2 Years","Tier 2"
Masters,2017,Pune,2,24,Male,0,2,1,Left,"Under 25","1-2 Years","Tier 2"
Masters,2016,"New Delhi",3,25,Female,0,3,1,Left,25-34,"3-4 Years","Tier 3"
PHD,2015,"New Delhi",3,28,Female,0,1,0,Stayed,25-34,"1-2 Years","Tier 3"
Bachelors,2017,"New Delhi",2,26,Male,0,4,0,Stayed,25-34,"3-4 Years","Tier 2"
Bachelors,2013,Bangalore,2,27,Male,0,5,0,Stayed,25-34,"5+ Years","Tier 2"
Bachelors,2015,Bangalore,3,26,Male,0,4,0,Stayed,25-34,"3-4 Years","Tier 3"
Bachelors,2013,"New Delhi",3,25,Female,0,3,0,Stayed,25-34,"3-4 Years","Tier 3"
Bachelors,2013,Pune,3,28,Male,0,1,0,Stayed,25-34,"1-2 Years","Tier 3"
Bachelors,2017,Pune,3,24,Male,0,2,0,Stayed,"Under 25","1-2 Years","Tier 3"
Bachelors,2013,"New Delhi",3,27,Female,0,5,0,Stayed,25-34,"5+ Years","Tier 3"
Bachelors,2015,Bangalore,3,28,Male,1,2,0,Stayed,25-34,"1-2 Years","Tier 3"
Bachelors,2015,Pune,3,28,Male,0,3,0,Stayed,25-34,"3-4 Years","Tier 3"
Bachelors,2014,Pune,2,25,Female,0,3,1,Left,25-34,"3-4 Years","Tier 2"
Bachelors,2017,Bangalore,3,27,Male,0,5,0,Stayed,25-34,"5+ Years","Tier 3"
Bachelors,2014,Pune,2,26,Female,0,4,1,Left,25-34,"3-4 Years","Tier 2"
PHD,2013,"New Delhi",3,24,Male,0,2,0,Stayed,"Under 25","1-2 Years","Tier 3"
Bachelors,2017,Bangalore,3,25,Male,0,3,0,Stayed,25-34,"3-4 Years","Tier 3"
Masters,2013,Pune,2,27,Male,0,5,1,Left,25-34,"5+ Years","Tier 2"
Masters,2017,Bangalore,3,28,Male,0,2,0,Stayed,25-34,"1-2 Years","Tier 3"
Bachelors,2012,Bangalore,3,25,Male,0,3,1,Left,25-34,"3-4 Years","Tier 3"
Masters,2017,Pune,2,27,Female,0,5,0,Stayed,25-34,"5+ Years","Tier 2"
Masters,2013,Bangalore,2,28,Female,0,2,1,Left,25-34,"1-2 Years","Tier 2"
Masters,2017,Pune,3,28,Male,0,1,1,Left,25-34,"1-2 Years","Tier 3"
Bachelors,2018,Bangalore,3,27,Female,0,5,1,Left,25-34,"5+ Years","Tier 3"
Bachelors,2014,"New Delhi",3,25,Female,0,3,0,Stayed,25-34,"3-4 Years","Tier 3"
Masters,2013,"New Delhi",3,26,Male,0,4,1,Left,25-34,"3-4 Years","Tier 3"
Bachelors,2013,Pune,2,25,Female,0,3,1,Left,25-34,"3-4 Years","Tier 2"
Masters,2012,"New Delhi",3,26,Male,0,4,1,Left,25-34,"3-4 Years","Tier 3"
Bachelors,2013,Pune,2,26,Male,0,4,0,Stayed,25-34,"3-4 Years","Tier 2"
Bachelors,2018,Bangalore,3,28,Female,0,2,1,Left,25-34,"1-2 Years","Tier 3"
Bachelors,2013,Bangalore,3,27,Male,0,5,0,Stayed,25-34,"5+ Years","Tier 3"
Bachelors,2015,Pune,1,24,Female,1,2,1,Left,"Under 25","1-2 Years","Tier 1"
Bachelors,2013,Pune,3,28,Male,0,2,0,Stayed,25-34,"1-2 Years","Tier 3"
Bachelors,2015,Pune,2,27,Female,1,5,1,Left,25-34,"5+ Years","Tier 2"
Bachelors,2014,Pune,2,27,Female,0,5,1,Left,25-34,"5+ Years","Tier 2"
Bachelors,2013,Pune,3,24,Male,0,2,0,Stayed,"Under 25","1-2 Years","Tier 3"
Bachelors,2014,Pune,3,24,Male,0,2,0,Stayed,"Under 25","1-2 Years","Tier 3"
PHD,2015,"New Delhi",2,25,Female,0,3,0,Stayed,25-34,"3-4 Years","Tier 2"
Bachelors,2014,Bangalore,3,26,Male,1,4,0,Stayed,25-34,"3-4 Years","Tier 3"
Masters,2015,Pune,2,25,Female,0,3,0,Stayed,25-34,"3-4 Years","Tier 2"
Bachelors,2015,Bangalore,3,24,Male,0,2,0,Stayed,"Under 25","1-2 Years","Tier 3"
Masters,2017,Bangalore,2,26,Female,0,4,1,Left,25-34,"3-4 Years","Tier 2"
Bachelors,2012,"New Delhi",3,28,Male,0,1,0,Stayed,25-34,"1-2 Years","Tier 3"
Masters,2017,Pune,2,26,Female,0,4,0,Stayed,25-34,"3-4 Years","Tier 2"
Bachelors,2016,Pune,3,25,Male,0,3,0,Stayed,25-34,"3-4 Years","Tier 3"
Bachelors,2017,"New Delhi",3,24,Male,0,2,1,Left,"Under 25","1-2 Years","Tier 3"
Bachelors,2013,Pune,2,28,Female,0,3,1,Left,25-34,"3-4 Years","Tier 2"
Bachelors,2014,Bangalore,3,25,Female,0,3,1,Left,25-34,"3-4 Years","Tier 3"
Bachelors,2014,Pune,2,24,Female,0,2,1,Left,"Under 25","1-2 Years","Tier 2"
Bachelors,2015,Bangalore,3,28,Male,0,2,1,Left,25-34,"1-2 Years","Tier 3"
Bachelors,2015,Bangalore,3,27,Male,0,5,0,Stayed,25-34,"5+ Years","Tier 3"
Bachelors,2016,Pune,3,26,Male,0,4,0,Stayed,25-34,"3-4 Years","Tier 3"
Masters,2015,"New Delhi",3,26,Female,0,4,1,Left,25-34,"3-4 Years","Tier 3"
Bachelors,2016,Bangalore,1,28,Female,0,2,0,Stayed,25-34,"1-2 Years","Tier 1"
Bachelors,2014,Bangalore,3,25,Male,1,3,0,Stayed,25-34,"3-4 Years","Tier 3"
Bachelors,2017,Bangalore,3,28,Male,0,2,0,Stayed,25-34,"1-2 Years","Tier 3"
Masters,2018,"New Delhi",3,24,Female,1,2,1,Left,"Under 25","1-2 Years","Tier 3"
Bachelors,2017,Pune,2,25,Male,0,3,0,Stayed,25-34,"3-4 Years","Tier 2"
Bachelors,2018,Pune,2,24,Female,0,2,1,Left,"Under 25","1-2 Years","Tier 2"
Masters,2017,"New Delhi",2,28,Female,0,1,0,Stayed,25-34,"1-2 Years","Tier 2"
Bachelors,2013,"New Delhi",1,27,Female,0,5,0,Stayed,25-34,"5+ Years","Tier 1"
Bachelors,2017,"New Delhi",2,27,Female,0,5,0,Stayed,25-34,"5+ Years","Tier 2"
Bachelors,2016,Pune,2,27,Female,0,5,1,Left,25-34,"5+ Years","Tier 2"
Masters,2018,Bangalore,3,24,Male,0,2,1,Left,"Under 25","1-2 Years","Tier 3"
Bachelors,2012,Pune,1,26,Male,0,4,0,Stayed,25-34,"3-4 Years","Tier 1"
Masters,2016,"New Delhi",1,27,Male,0,5,0,Stayed,25-34,"5+ Years","Tier 1"
Bachelors,2015,"New Delhi",3,26,Female,0,4,0,Stayed,25-34,"3-4 Years","Tier 3"
Bachelors,2012,Bangalore,3,27,Male,1,5,0,Stayed,25-34,"5+ Years","Tier 3"
Bachelors,2013,Bangalore,3,24,Male,1,2,1,Left,"Under 25","1-2 Years","Tier 3"
Bachelors,2018,Bangalore,3,26,Female,0,4,1,Left,25-34,"3-4 Years","Tier 3"
Masters,2017,Pune,2,26,Female,0,4,1,Left,25-34,"3-4 Years","Tier 2"
Masters,2017,"New Delhi",2,28,Female,0,2,0,Stayed,25-34,"1-2 Years","Tier 2"
Masters,2013,"New Delhi",3,25,Male,0,3,0,Stayed,25-34,"3-4 Years","Tier 3"
Bachelors,2018,Bangalore,3,28,Female,1,1,1,Left,25-34,"1-2 Years","Tier 3"
Bachelors,2013,Pune,3,27,Female,0,5,1,Left,25-34,"5+ Years","Tier 3"
Bachelors,2014,Bangalore,3,28,Male,0,1,0,Stayed,25-34,"1-2 Years","Tier 3"
Bachelors,2017,"New Delhi",3,28,Female,0,3,0,Stayed,25-34,"3-4 Years","Tier 3"
Masters,2017,"New Delhi",2,28,Male,1,2,0,Stayed,25-34,"1-2 Years","Tier 2"
Masters,2017,"New Delhi",3,26,Male,0,4,0,Stayed,25-34,"3-4 Years","Tier 3"
Bachelors,2015,Pune,1,25,Female,0,3,1,Left,25-34,"3-4 Years","Tier 1"
Masters,2013,"New Delhi",3,27,Male,0,5,0,Stayed,25-34,"5+ Years","Tier 3"
PHD,2014,Bangalore,3,24,Female,0,2,0,Stayed,"Under 25","1-2 Years","Tier 3"
Masters,2017,"New Delhi",2,27,Female,0,5,0,Stayed,25-34,"5+ Years","Tier 2"
Bachelors,2012,Bangalore,3,26,Male,0,4,0,Stayed,25-34,"3-4 Years","Tier 3"
Masters,2015,Pune,3,27,Female,0,5,1,Left,25-34,"5+ Years","Tier 3"
Bachelors,2016,Bangalore,3,24,Male,0,2,0,Stayed,"Under 25","1-2 Years","Tier 3"
Masters,2017,"New Delhi",2,25,Female,0,3,0,Stayed,25-34,"3-4 Years","Tier 2"
Bachelors,2017,"New Delhi",2,28,Male,0,1,0,Stayed,25-34,"1-2 Years","Tier 2"
Bachelors,2012,"New Delhi",3,27,Female,0,5,0,Stayed,25-34,"5+ Years","Tier 3"
Bachelors,2015,Bangalore,3,26,Female,1,4,1,Left,25-34,"3-4 Years","Tier 3"
Bachelors,2014,Pune,3,28,Male,0,2,0,Stayed,25-34,"1-2 Years","Tier 3"
Bachelors,2016,Bangalore,3,24,Female,0,2,1,Left,"Under 25","1-2 Years","Tier 3"
Bachelors,2012,Bangalore,3,28,Male,0,3,0,Stayed,25-34,"3-4 Years","Tier 3"
Bachelors,2012,Bangalore,3,27,Male,0,5,0,Stayed,25-34,"5+ Years","Tier 3"
Bachelors,2014,"New Delhi",3,27,Female,1,5,0,Stayed,25-34,"5+ Years","Tier 3"
Bachelors,2015,Pune,3,26,Female,1,4,1,Left,25-34,"3-4 Years","Tier 3"
Masters,2014,"New Delhi",3,26,Male,0,4,1,Left,25-34,"3-4 Years","Tier 3"
PHD,2015,"New Delhi",3,25,Female,0,3,0,Stayed,25-34,"3-4 Years","Tier 3"
Bachelors,2012,Pune,3,27,Male,0,5,0,Stayed,25-34,"5+ Years","Tier 3"
Masters,2017,"New Delhi",2,24,Female,0,2,0,Stayed,"Under 25","1-2 Years","Tier 2"
Masters,2015,Pune,3,28,Female,0,2,0,Stayed,25-34,"1-2 Years","Tier 3"
Bachelors,2017,Bangalore,3,24,Female,0,2,0,Stayed,"Under 25","1-2 Years","Tier 3"
Bachelors,2017,Pune,3,25,Male,0,3,0,Stayed,25-34,"3-4 Years","Tier 3"
Bachelors,2017,Bangalore,1,25,Male,0,3,0,Stayed,25-34,"3-4 Years","Tier 1"
Bachelors,2017,Pune,3,26,Male,0,4,0,Stayed,25-34,"3-4 Years","Tier 3"
Bachelors,2014,Pune,3,25,Female,0,3,1,Left,25-34,"3-4 Years","Tier 3"
Bachelors,2018,Pune,3,26,Female,0,4,1,Left,25-34,"3-4 Years","Tier 3"
Bachelors,2016,Bangalore,3,27,Male,0,5,0,Stayed,25-34,"5+ Years","Tier 3"
Bachelors,2017,Bangalore,3,28,Female,0,2,0,Stayed,25-34,"1-2 Years","Tier 3"
Masters,2012,"New Delhi",3,24,Female,0,2,1,Left,"Under 25","1-2 Years","Tier 3"
Bachelors,2015,"New Delhi",3,26,Female,1,4,0,Stayed,25-34,"3-4 Years","Tier 3"
Bachelors,2018,Pune,3,25,Male,1,3,1,Left,25-34,"3-4 Years","Tier 3"
Masters,2017,"New Delhi",3,24,Male,0,2,0,Stayed,"Under 25","1-2 Years","Tier 3"
Bachelors,2013,Bangalore,3,28,Male,0,2,1,Left,25-34,"1-2 Years","Tier 3"
Bachelors,2017,Bangalore,3,24,Male,0,2,0,Stayed,"Under 25","1-2 Years","Tier 3"
Bachelors,2013,Pune,2,28,Female,0,1,1,Left,25-34,"1-2 Years","Tier 2"
Bachelors,2015,"New Delhi",2,27,Female,0,5,1,Left,25-34,"5+ Years","Tier 2"
Bachelors,2018,Bangalore,3,24,Female,0,2,1,Left,"Under 25","1-2 Years","Tier 3"
Bachelors,2013,Bangalore,3,24,Male,1,2,0,Stayed,"Under 25","1-2 Years","Tier 3"
Bachelors,2013,Bangalore,3,24,Female,0,2,0,Stayed,"Under 25","1-2 Years","Tier 3"
Bachelors,2012,Pune,3,24,Female,0,2,1,Left,"Under 25","1-2 Years","Tier 3"
Bachelors,2016,Bangalore,3,24,Male,1,2,1,Left,"Under 25","1-2 Years","Tier 3"
Bachelors,2017,"New Delhi",2,27,Male,0,5,0,Stayed,25-34,"5+ Years","Tier 2"
Bachelors,2012,Pune,2,27,Female,0,5,1,Left,25-34,"5+ Years","Tier 2"
Masters,2017,Pune,2,27,Male,0,5,0,Stayed,25-34,"5+ Years","Tier 2"
Bachelors,2017,Pune,2,24,Male,0,2,1,Left,"Under 25","1-2 Years","Tier 2"
Bachelors,2016,Pune,1,26,Female,0,4,1,Left,25-34,"3-4 Years","Tier 1"
Bachelors,2015,Pune,3,26,Female,0,4,1,Left,25-34,"3-4 Years","Tier 3"
Bachelors,2012,Pune,3,26,Male,0,4,0,Stayed,25-34,"3-4 Years","Tier 3"
Bachelors,2017,Bangalore,3,25,Female,1,3,0,Stayed,25-34,"3-4 Years","Tier 3"
Masters,2017,Pune,2,26,Male,0,4,0,Stayed,25-34,"3-4 Years","Tier 2"
Masters,2015,Pune,2,25,Female,0,3,1,Left,25-34,"3-4 Years","Tier 2"
Bachelors,2017,"New Delhi",2,26,Female,0,4,0,Stayed,25-34,"3-4 Years","Tier 2"
Bachelors,2017,"New Delhi",3,27,Female,0,5,0,Stayed,25-34,"5+ Years","Tier 3"
Bachelors,2015,"New Delhi",3,24,Female,0,2,0,Stayed,"Under 25","1-2 Years","Tier 3"
Masters,2017,Bangalore,1,26,Female,0,4,1,Left,25-34,"3-4 Years","Tier 1"
Bachelors,2017,"New Delhi",1,28,Female,0,2,0,Stayed,25-34,"1-2 Years","Tier 1"
Bachelors,2014,Bangalore,3,25,Female,0,3,0,Stayed,25-34,"3-4 Years","Tier 3"
Bachelors,2014,Bangalore,3,28,Male,0,2,0,Stayed,25-34,"1-2 Years","Tier 3"
Bachelors,2017,Bangalore,3,28,Male,0,3,0,Stayed,25-34,"3-4 Years","Tier 3"
Masters,2015,"New Delhi",1,27,Male,0,5,0,Stayed,25-34,"5+ Years","Tier 1"
Masters,2018,Bangalore,3,25,Male,1,3,1,Left,25-34,"3-4 Years","Tier 3"
Bachelors,2016,Bangalore,3,28,Female,0,3,0,Stayed,25-34,"3-4 Years","Tier 3"
Bachelors,2018,"New Delhi",3,26,Female,1,4,1,Left,25-34,"3-4 Years","Tier 3"
Bachelors,2015,Pune,2,24,Female,0,2,1,Left,"Under 25","1-2 Years","Tier 2"
Bachelors,2017,Bangalore,3,27,Male,1,5,0,Stayed,25-34,"5+ Years","Tier 3"
Bachelors,2014,Bangalore,3,24,Male,0,2,0,Stayed,"Under 25","1-2 Years","Tier 3"
Bachelors,2016,Bangalore,3,28,Male,0,2,0,Stayed,25-34,"1-2 Years","Tier 3"
Bachelors,2015,Pune,2,25,Female,0,3,1,Left,25-34,"3-4 Years","Tier 2"
Bachelors,2013,Pune,3,27,Male,0,5,0,Stayed,25-34,"5+ Years","Tier 3"
Bachelors,2015,Pune,3,28,Male,0,2,0,Stayed,25-34,"1-2 Years","Tier 3"
Bachelors,2014,"New Delhi",2,24,Female,0,2,1,Left,"Under 25","1-2 Years","Tier 2"
Bachelors,2013,Bangalore,3,24,Male,0,2,0,Stayed,"Under 25","1-2 Years","Tier 3"
Bachelors,2018,Bangalore,3,28,Male,1,3,1,Left,25-34,"3-4 Years","Tier 3"
Bachelors,2014,Pune,2,26,Male,0,4,0,Stayed,25-34,"3-4 Years","Tier 2"
PHD,2013,Bangalore,3,25,Male,0,3,0,Stayed,25-34,"3-4 Years","Tier 3"
Bachelors,2017,"New Delhi",2,28,Female,0,1,0,Stayed,25-34,"1-2 Years","Tier 2"
Bachelors,2015,Pune,1,26,Female,0,4,1,Left,25-34,"3-4 Years","Tier 1"
Masters,2017,"New Delhi",3,26,Male,1,4,1,Left,25-34,"3-4 Years","Tier 3"
Bachelors,2012,"New Delhi",3,24,Female,0,2,0,Stayed,"Under 25","1-2 Years","Tier 3"
Bachelors,2017,"New Delhi",2,24,Male,0,2,0,Stayed,"Under 25","1-2 Years","Tier 2"
Bachelors,2012,Bangalore,3,26,Female,0,4,0,Stayed,25-34,"3-4 Years","Tier 3"
Masters,2014,Pune,3,25,Male,0,3,0,Stayed,25-34,"3-4 Years","Tier 3"
Bachelors,2016,Pune,3,24,Male,0,2,0,Stayed,"Under 25","1-2 Years","Tier 3"
Bachelors,2016,Bangalore,3,26,Female,0,4,0,Stayed,25-34,"3-4 Years","Tier 3"
Bachelors,2015,Pune,2,25,Female,1,3,1,Left,25-34,"3-4 Years","Tier 2"
Masters,2013,"New Delhi",2,25,Male,0,3,1,Left,25-34,"3-4 Years","Tier 2"
Bachelors,2015,Pune,2,26,Female,1,4,1,Left,25-34,"3-4 Years","Tier 2"
Masters,2015,Bangalore,2,26,Female,0,4,1,Left,25-34,"3-4 Years","Tier 2"
Bachelors,2012,Pune,3,27,Female,0,5,0,Stayed,25-34,"5+ Years","Tier 3"
Masters,2017,"New Delhi",3,28,Male,1,2,0,Stayed,25-34,"1-2 Years","Tier 3"
Bachelors,2013,"New Delhi",3,27,Female,1,5,0,Stayed,25-34,"5+ Years","Tier 3"
Bachelors,2015,"New Delhi",3,26,Male,0,4,0,Stayed,25-34,"3-4 Years","Tier 3"
Bachelors,2017,Pune,2,27,Male,0,5,0,Stayed,25-34,"5+ Years","Tier 2"
PHD,2018,"New Delhi",3,25,Male,0,3,1,Left,25-34,"3-4 Years","Tier 3"
Bachelors,2014,Pune,3,27,Male,0,5,0,Stayed,25-34,"5+ Years","Tier 3"
Masters,2017,Pune,2,24,Female,0,2,1,Left,"Under 25","1-2 Years","Tier 2"
PHD,2016,"New Delhi",2,28,Male,0,3,1,Left,25-34,"3-4 Years","Tier 2"
Masters,2017,"New Delhi",2,27,Male,1,5,1,Left,25-34,"5+ Years","Tier 2"
PHD,2013,"New Delhi",3,27,Male,0,5,0,Stayed,25-34,"5+ Years","Tier 3"
Masters,2014,"New Delhi",3,28,Female,0,1,0,Stayed,25-34,"1-2 Years","Tier 3"
Bachelors,2017,Pune,3,27,Male,0,5,0,Stayed,25-34,"5+ Years","Tier 3"
Masters,2014,Bangalore,3,26,Male,0,4,1,Left,25-34,"3-4 Years","Tier 3"
Masters,2012,Pune,3,27,Male,0,5,0,Stayed,25-34,"5+ Years","Tier 3"
Bachelors,2017,Bangalore,3,26,Male,0,4,0,Stayed,25-34,"3-4 Years","Tier 3"
Masters,2017,Pune,2,27,Male,0,5,1,Left,25-34,"5+ Years","Tier 2"
Bachelors,2016,Pune,3,27,Male,1,5,0,Stayed,25-34,"5+ Years","Tier 3"
Bachelors,2014,Pune,3,25,Male,0,3,0,Stayed,25-34,"3-4 Years","Tier 3"
Masters,2012,Pune,3,24,Male,0,2,0,Stayed,"Under 25","1-2 Years","Tier 3"
Bachelors,2013,Pune,2,25,Male,0,3,1,Left,25-34,"3-4 Years","Tier 2"
Bachelors,2013,Pune,3,26,Male,0,4,0,Stayed,25-34,"3-4 Years","Tier 3"
Bachelors,2015,"New Delhi",3,25,Male,0,3,0,Stayed,25-34,"3-4 Years","Tier 3"
PHD,2012,Pune,3,24,Male,0,2,0,Stayed,"Under 25","1-2 Years","Tier 3"
Masters,2015,"New Delhi",3,24,Female,0,2,0,Stayed,"Under 25","1-2 Years","Tier 3"
Masters,2017,"New Delhi",3,24,Male,0,2,1,Left,"Under 25","1-2 Years","Tier 3"
Bachelors,2014,Bangalore,1,25,Male,1,3,0,Stayed,25-34,"3-4 Years","Tier 1"
Bachelors,2018,Bangalore,3,28,Male,0,1,1,Left,25-34,"1-2 Years","Tier 3"
Bachelors,2017,Bangalore,3,28,Male,1,3,0,Stayed,25-34,"3-4 Years","Tier 3"
Masters,2013,Bangalore,3,28,Female,1,2,1,Left,25-34,"1-2 Years","Tier 3"
Bachelors,2013,Bangalore,3,26,Male,1,4,0,Stayed,25-34,"3-4 Years","Tier 3"
Masters,2018,"New Delhi",1,24,Male,1,2,1,Left,"Under 25","1-2 Years","Tier 1"
PHD,2013,"New Delhi",2,27,Female,0,5,0,Stayed,25-34,"5+ Years","Tier 2"
Masters,2018,"New Delhi",3,28,Male,1,2,1,Left,25-34,"1-2 Years","Tier 3"
Bachelors,2014,Bangalore,3,28,Male,0,3,1,Left,25-34,"3-4 Years","Tier 3"
Bachelors,2013,"New Delhi",3,24,Female,0,2,1,Left,"Under 25","1-2 Years","Tier 3"
Bachelors,2015,Pune,2,28,Female,0,1,1,Left,25-34,"1-2 Years","Tier 2"
Bachelors,2017,"New Delhi",2,28,Female,0,3,0,Stayed,25-34,"3-4 Years","Tier 2"
Masters,2012,Pune,3,27,Female,0,5,1,Left,25-34,"5+ Years","Tier 3"
Masters,2017,Pune,3,25,Female,1,3,1,Left,25-34,"3-4 Years","Tier 3"
Masters,2017,"New Delhi",2,27,Male,0,5,1,Left,25-34,"5+ Years","Tier 2"
Masters,2017,Pune,2,24,Male,0,2,0,Stayed,"Under 25","1-2 Years","Tier 2"
Bachelors,2013,Pune,2,24,Male,1,2,1,Left,"Under 25","1-2 Years","Tier 2"
PHD,2015,"New Delhi",2,28,Female,0,1,0,Stayed,25-34,"1-2 Years","Tier 2"
Masters,2014,"New Delhi",3,27,Male,0,5,0,Stayed,25-34,"5+ Years","Tier 3"
Bachelors,2018,Pune,3,25,Male,0,3,1,Left,25-34,"3-4 Years","Tier 3"
Bachelors,2013,Bangalore,3,26,Male,1,4,1,Left,25-34,"3-4 Years","Tier 3"
Bachelors,2015,"New Delhi",3,25,Male,0,3,1,Left,25-34,"3-4 Years","Tier 3"
Bachelors,2017,"New Delhi",2,25,Female,0,3,1,Left,25-34,"3-4 Years","Tier 2"
Bachelors,2012,Bangalore,3,25,Male,1,3,0,Stayed,25-34,"3-4 Years","Tier 3"
Bachelors,2014,"New Delhi",3,28,Female,0,2,0,Stayed,25-34,"1-2 Years","Tier 3"
Bachelors,2018,Pune,3,26,Male,0,4,1,Left,25-34,"3-4 Years","Tier 3"
Masters,2014,"New Delhi",3,28,Male,0,2,0,Stayed,25-34,"1-2 Years","Tier 3"
Masters,2017,Pune,3,25,Male,0,3,1,Left,25-34,"3-4 Years","Tier 3"
Bachelors,2018,Bangalore,3,28,Male,0,2,1,Left,25-34,"1-2 Years","Tier 3"
Bachelors,2012,Bangalore,3,24,Male,1,2,0,Stayed,"Under 25","1-2 Years","Tier 3"
Bachelors,2015,Bangalore,3,28,Female,0,1,0,Stayed,25-34,"1-2 Years","Tier 3"
Bachelors,2016,"New Delhi",3,24,Female,0,2,0,Stayed,"Under 25","1-2 Years","Tier 3"
Bachelors,2012,Bangalore,3,25,Female,0,3,0,Stayed,25-34,"3-4 Years","Tier 3"
Bachelors,2012,Pune,3,28,Male,0,3,0,Stayed,25-34,"3-4 Years","Tier 3"
Bachelors,2016,Bangalore,3,27,Female,0,5,0,Stayed,25-34,"5+ Years","Tier 3"
Masters,2015,Pune,2,24,Female,0,2,0,Stayed,"Under 25","1-2 Years","Tier 2"
Masters,2014,Bangalore,3,24,Female,0,2,1,Left,"Under 25","1-2 Years","Tier 3"
Bachelors,2013,Bangalore,3,25,Male,0,3,0,Stayed,25-34,"3-4 Years","Tier 3"
Bachelors,2017,"New Delhi",2,28,Male,0,3,0,Stayed,25-34,"3-4 Years","Tier 2"
PHD,2014,"New Delhi",3,24,Male,0,2,0,Stayed,"Under 25","1-2 Years","Tier 3"
Masters,2017,"New Delhi",2,26,Female,0,4,0,Stayed,25-34,"3-4 Years","Tier 2"
Masters,2018,"New Delhi",3,25,Male,0,3,1,Left,25-34,"3-4 Years","Tier 3"
Bachelors,2014,Bangalore,3,25,Male,0,3,1,Left,25-34,"3-4 Years","Tier 3"
Bachelors,2018,"New Delhi",3,28,Female,0,3,1,Left,25-34,"3-4 Years","Tier 3"
Masters,2017,"New Delhi",2,25,Male,1,3,1,Left,25-34,"3-4 Years","Tier 2"
Masters,2013,"New Delhi",3,28,Male,0,2,0,Stayed,25-34,"1-2 Years","Tier 3"
Masters,2013,"New Delhi",3,25,Female,0,3,0,Stayed,25-34,"3-4 Years","Tier 3"
Bachelors,2016,Bangalore,3,25,Male,0,3,0,Stayed,25-34,"3-4 Years","Tier 3"
Masters,2017,"New Delhi",2,26,Male,1,4,1,Left,25-34,"3-4 Years","Tier 2"
Bachelors,2013,Bangalore,3,28,Male,0,2,0,Stayed,25-34,"1-2 Years","Tier 3"
Masters,2015,Pune,3,28,Female,1,2,0,Stayed,25-34,"1-2 Years","Tier 3"
Masters,2014,Pune,2,27,Female,0,5,0,Stayed,25-34,"5+ Years","Tier 2"
Masters,2015,Pune,1,27,Female,0,5,0,Stayed,25-34,"5+ Years","Tier 1"
Bachelors,2013,Bangalore,1,28,Male,0,3,1,Left,25-34,"3-4 Years","Tier 1"
Bachelors,2012,Pune,2,26,Female,0,4,1,Left,25-34,"3-4 Years","Tier 2"
Masters,2017,"New Delhi",2,25,Male,0,3,0,Stayed,25-34,"3-4 Years","Tier 2"
Bachelors,2017,"New Delhi",3,26,Male,0,4,0,Stayed,25-34,"3-4 Years","Tier 3"
Bachelors,2014,Bangalore,3,28,Female,0,1,1,Left,25-34,"1-2 Years","Tier 3"
Bachelors,2015,Pune,2,28,Female,0,3,1,Left,25-34,"3-4 Years","Tier 2"
Bachelors,2016,Bangalore,3,27,Female,0,5,1,Left,25-34,"5+ Years","Tier 3"
Masters,2018,Pune,3,25,Male,0,3,1,Left,25-34,"3-4 Years","Tier 3"
Bachelors,2014,Pune,3,26,Male,0,4,0,Stayed,25-34,"3-4 Years","Tier 3"
PHD,2017,"New Delhi",3,27,Male,0,5,0,Stayed,25-34,"5+ Years","Tier 3"
Bachelors,2013,Bangalore,3,28,Male,1,3,0,Stayed,25-34,"3-4 Years","Tier 3"
Bachelors,2018,Bangalore,3,27,Male,0,5,1,Left,25-34,"5+ Years","Tier 3"
Bachelors,2017,Pune,2,25,Female,0,3,1,Left,25-34,"3-4 Years","Tier 2"
Bachelors,2017,Pune,2,26,Female,0,4,1,Left,25-34,"3-4 Years","Tier 2"
Masters,2017,Pune,2,26,Male,0,4,1,Left,25-34,"3-4 Years","Tier 2"
Masters,2015,"New Delhi",3,28,Female,1,2,0,Stayed,25-34,"1-2 Years","Tier 3"
Bachelors,2012,"New Delhi",2,25,Male,0,3,1,Left,25-34,"3-4 Years","Tier 2"
Bachelors,2016,Bangalore,3,25,Female,0,3,0,Stayed,25-34,"3-4 Years","Tier 3"
Masters,2012,Pune,2,26,Female,0,4,0,Stayed,25-34,"3-4 Years","Tier 2"
Masters,2016,"New Delhi",3,27,Male,0,5,1,Left,25-34,"5+ Years","Tier 3"
PHD,2017,Bangalore,3,28,Male,0,1,0,Stayed,25-34,"1-2 Years","Tier 3"
Bachelors,2018,Bangalore,1,27,Male,0,5,0,Stayed,25-34,"5+ Years","Tier 1"
Bachelors,2018,Bangalore,3,28,Female,0,3,1,Left,25-34,"3-4 Years","Tier 3"
Bachelors,2016,Bangalore,3,27,Male,1,5,0,Stayed,25-34,"5+ Years","Tier 3"
Masters,2015,"New Delhi",3,24,Female,0,2,1,Left,"Under 25","1-2 Years","Tier 3"
Bachelors,2017,"New Delhi",3,24,Male,0,2,0,Stayed,"Under 25","1-2 Years","Tier 3"
Masters,2013,Pune,3,28,Male,0,2,1,Left,25-34,"1-2 Years","Tier 3"
Bachelors,2017,Pune,3,27,Female,0,5,1,Left,25-34,"5+ Years","Tier 3"
Bachelors,2016,Bangalore,3,26,Male,0,4,1,Left,25-34,"3-4 Years","Tier 3"
Bachelors,2014,"New Delhi",3,28,Female,0,3,0,Stayed,25-34,"3-4 Years","Tier 3"
Bachelors,2016,Pune,3,28,Male,0,3,0,Stayed,25-34,"3-4 Years","Tier 3"
Masters,2017,Bangalore,3,27,Male,0,5,1,Left,25-34,"5+ Years","Tier 3"
Masters,2017,Pune,3,26,Male,0,4,1,Left,25-34,"3-4 Years","Tier 3"
Bachelors,2013,Bangalore,3,25,Male,1,3,0,Stayed,25-34,"3-4 Years","Tier 3"
Bachelors,2015,Pune,2,28,Female,0,2,1,Left,25-34,"1-2 Years","Tier 2"
PHD,2013,Bangalore,1,26,Male,0,4,0,Stayed,25-34,"3-4 Years","Tier 1"
Masters,2012,Pune,3,27,Male,0,5,1,Left,25-34,"5+ Years","Tier 3"
Bachelors,2016,Bangalore,1,28,Male,0,2,0,Stayed,25-34,"1-2 Years","Tier 1"
Masters,2017,"New Delhi",2,24,Female,1,2,1,Left,"Under 25","1-2 Years","Tier 2"
Bachelors,2015,Bangalore,1,25,Female,1,3,0,Stayed,25-34,"3-4 Years","Tier 1"
Bachelors,2015,Pune,3,25,Female,0,3,1,Left,25-34,"3-4 Years","Tier 3"
Bachelors,2015,Pune,3,24,Male,0,2,0,Stayed,"Under 25","1-2 Years","Tier 3"
Bachelors,2018,Bangalore,1,25,Male,1,3,0,Stayed,25-34,"3-4 Years","Tier 1"
Masters,2017,Pune,2,28,Female,0,1,0,Stayed,25-34,"1-2 Years","Tier 2"
Bachelors,2014,Bangalore,3,28,Female,0,2,0,Stayed,25-34,"1-2 Years","Tier 3"
Bachelors,2017,"New Delhi",2,24,Female,0,2,0,Stayed,"Under 25","1-2 Years","Tier 2"
PHD,2013,"New Delhi",2,25,Male,0,3,1,Left,25-34,"3-4 Years","Tier 2"
Bachelors,2015,Bangalore,1,25,Male,0,3,0,Stayed,25-34,"3-4 Years","Tier 1"
PHD,2014,"New Delhi",3,28,Male,0,2,1,Left,25-34,"1-2 Years","Tier 3"
Masters,2018,"New Delhi",3,27,Female,0,5,1,Left,25-34,"5+ Years","Tier 3"
Bachelors,2016,"New Delhi",3,27,Female,0,5,0,Stayed,25-34,"5+ Years","Tier 3"
Masters,2017,"New Delhi",2,25,Male,0,3,1,Left,25-34,"3-4 Years","Tier 2"
Bachelors,2016,"New Delhi",3,27,Female,1,5,0,Stayed,25-34,"5+ Years","Tier 3"
Bachelors,2018,Pune,3,28,Female,0,1,1,Left,25-34,"1-2 Years","Tier 3"
Bachelors,2018,Pune,3,28,Male,0,1,1,Left,25-34,"1-2 Years","Tier 3"
Bachelors,2017,Bangalore,1,26,Female,0,4,0,Stayed,25-34,"3-4 Years","Tier 1"
Bachelors,2013,Bangalore,3,24,Male,0,2,1,Left,"Under 25","1-2 Years","Tier 3"
Bachelors,2012,"New Delhi",3,26,Female,0,4,0,Stayed,25-34,"3-4 Years","Tier 3"
Bachelors,2012,Pune,3,25,Male,0,3,0,Stayed,25-34,"3-4 Years","Tier 3"
Masters,2013,"New Delhi",2,24,Male,0,2,1,Left,"Under 25","1-2 Years","Tier 2"
Bachelors,2016,"New Delhi",3,28,Female,0,2,0,Stayed,25-34,"1-2 Years","Tier 3"
Masters,2014,"New Delhi",3,24,Male,0,2,0,Stayed,"Under 25","1-2 Years","Tier 3"
Bachelors,2015,Bangalore,3,25,Female,0,3,1,Left,25-34,"3-4 Years","Tier 3"
Bachelors,2015,Pune,2,27,Female,0,5,1,Left,25-34,"5+ Years","Tier 2"
Bachelors,2017,"New Delhi",3,27,Female,1,5,0,Stayed,25-34,"5+ Years","Tier 3"
Masters,2017,Pune,1,24,Male,0,2,0,Stayed,"Under 25","1-2 Years","Tier 1"
Bachelors,2015,Bangalore,3,28,Male,1,1,1,Left,25-34,"1-2 Years","Tier 3"
Masters,2013,Bangalore,3,27,Male,0,5,1,Left,25-34,"5+ Years","Tier 3"
Bachelors,2015,"New Delhi",2,28,Female,1,2,1,Left,25-34,"1-2 Years","Tier 2"
Bachelors,2017,Bangalore,3,27,Female,0,5,0,Stayed,25-34,"5+ Years","Tier 3"
Bachelors,2015,Pune,2,27,Male,0,5,0,Stayed,25-34,"5+ Years","Tier 2"
Bachelors,2018,Bangalore,3,27,Male,1,5,1,Left,25-34,"5+ Years","Tier 3"
Bachelors,2013,"New Delhi",2,24,Female,0,2,1,Left,"Under 25","1-2 Years","Tier 2"
Bachelors,2015,Pune,2,28,Female,1,2,1,Left,25-34,"1-2 Years","Tier 2"
Bachelors,2016,Bangalore,3,24,Female,0,2,0,Stayed,"Under 25","1-2 Years","Tier 3"
Masters,2017,Pune,3,24,Male,0,2,1,Left,"Under 25","1-2 Years","Tier 3"
Masters,2016,Pune,3,24,Male,0,2,0,Stayed,"Under 25","1-2 Years","Tier 3"
Bachelors,2013,Bangalore,3,28,Male,1,1,1,Left,25-34,"1-2 Years","Tier 3"
Bachelors,2015,Bangalore,1,28,Female,0,1,0,Stayed,25-34,"1-2 Years","Tier 1"
PHD,2018,Bangalore,3,24,Female,0,2,1,Left,"Under 25","1-2 Years","Tier 3"
Bachelors,2016,Bangalore,3,26,Male,1,4,0,Stayed,25-34,"3-4 Years","Tier 3"
Bachelors,2013,Bangalore,3,25,Male,0,3,1,Left,25-34,"3-4 Years","Tier 3"
Masters,2016,"New Delhi",3,24,Male,0,2,1,Left,"Under 25","1-2 Years","Tier 3"
Bachelors,2017,"New Delhi",1,25,Female,0,3,0,Stayed,25-34,"3-4 Years","Tier 1"
Bachelors,2013,Bangalore,3,28,Male,0,3,0,Stayed,25-34,"3-4 Years","Tier 3"
Masters,2014,"New Delhi",3,24,Male,0,2,1,Left,"Under 25","1-2 Years","Tier 3"
PHD,2012,"New Delhi",3,24,Male,0,2,0,Stayed,"Under 25","1-2 Years","Tier 3"
Bachelors,2014,Pune,3,25,Male,0,3,1,Left,25-34,"3-4 Years","Tier 3"
Bachelors,2012,Pune,2,26,Male,0,4,0,Stayed,25-34,"3-4 Years","Tier 2"
Masters,2017,Bangalore,3,28,Female,0,3,1,Left,25-34,"3-4 Years","Tier 3"
Bachelors,2012,Bangalore,3,28,Female,0,2,0,Stayed,25-34,"1-2 Years","Tier 3"
Bachelors,2012,Bangalore,3,27,Female,0,5,0,Stayed,25-34,"5+ Years","Tier 3"
Masters,2016,"New Delhi",3,28,Male,0,1,0,Stayed,25-34,"1-2 Years","Tier 3"
Bachelors,2016,"New Delhi",3,25,Female,1,3,0,Stayed,25-34,"3-4 Years","Tier 3"
Masters,2015,"New Delhi",3,28,Female,0,3,0,Stayed,25-34,"3-4 Years","Tier 3"
Bachelors,2013,"New Delhi",1,24,Female,0,2,1,Left,"Under 25","1-2 Years","Tier 1"
Bachelors,2015,"New Delhi",3,25,Female,0,3,1,Left,25-34,"3-4 Years","Tier 3"
Bachelors,2016,Pune,1,25,Female,0,3,1,Left,25-34,"3-4 Years","Tier 1"
Masters,2013,"New Delhi",3,25,Male,1,3,1,Left,25-34,"3-4 Years","Tier 3"
Masters,2013,"New Delhi",3,25,Female,0,3,1,Left,25-34,"3-4 Years","Tier 3"
Bachelors,2013,Bangalore,1,28,Female,0,2,0,Stayed,25-34,"1-2 Years","Tier 1"
Masters,2014,Bangalore,3,27,Female,0,5,1,Left,25-34,"5+ Years","Tier 3"
Bachelors,2017,"New Delhi",3,25,Male,0,3,0,Stayed,25-34,"3-4 Years","Tier 3"
Bachelors,2013,Pune,2,27,Male,1,5,0,Stayed,25-34,"5+ Years","Tier 2"
Bachelors,2016,Bangalore,3,25,Male,1,3,0,Stayed,25-34,"3-4 Years","Tier 3"
Bachelors,2017,Bangalore,3,25,Male,0,3,1,Left,25-34,"3-4 Years","Tier 3"
Masters,2015,Pune,3,28,Female,0,3,0,Stayed,25-34,"3-4 Years","Tier 3"
Bachelors,2013,Pune,2,26,Female,0,4,1,Left,25-34,"3-4 Years","Tier 2"
Bachelors,2013,"New Delhi",3,28,Female,1,3,0,Stayed,25-34,"3-4 Years","Tier 3"
Bachelors,2012,Pune,2,25,Male,0,3,1,Left,25-34,"3-4 Years","Tier 2"
Bachelors,2017,Bangalore,3,27,Female,0,5,1,Left,25-34,"5+ Years","Tier 3"
Bachelors,2015,Pune,2,24,Female,1,2,1,Left,"Under 25","1-2 Years","Tier 2"
Bachelors,2017,Bangalore,3,24,Female,1,2,0,Stayed,"Under 25","1-2 Years","Tier 3"
Bachelors,2017,"New Delhi",2,25,Female,0,3,0,Stayed,25-34,"3-4 Years","Tier 2"
Bachelors,2016,"New Delhi",3,28,Female,1,3,0,Stayed,25-34,"3-4 Years","Tier 3"
Masters,2017,Pune,2,25,Male,0,3,1,Left,25-34,"3-4 Years","Tier 2"
Masters,2017,Bangalore,2,25,Female,1,3,1,Left,25-34,"3-4 Years","Tier 2"
Bachelors,2017,Bangalore,3,24,Female,0,2,1,Left,"Under 25","1-2 Years","Tier 3"
Bachelors,2018,Bangalore,3,24,Male,1,2,1,Left,"Under 25","1-2 Years","Tier 3"
Bachelors,2016,"New Delhi",3,28,Male,0,1,0,Stayed,25-34,"1-2 Years","Tier 3"
Masters,2017,"New Delhi",2,24,Male,0,2,1,Left,"Under 25","1-2 Years","Tier 2"
Bachelors,2017,Bangalore,3,24,Male,0,2,1,Left,"Under 25","1-2 Years","Tier 3"
Masters,2014,"New Delhi",3,25,Female,0,3,1,Left,25-34,"3-4 Years","Tier 3"
Bachelors,2017,Bangalore,3,28,Male,0,2,1,Left,25-34,"1-2 Years","Tier 3"
Bachelors,2012,Bangalore,3,28,Male,1,3,1,Left,25-34,"3-4 Years","Tier 3"
Bachelors,2012,Pune,3,28,Female,0,2,0,Stayed,25-34,"1-2 Years","Tier 3"
PHD,2016,"New Delhi",3,24,Female,0,2,0,Stayed,"Under 25","1-2 Years","Tier 3"
Masters,2017,"New Delhi",2,27,Female,0,5,1,Left,25-34,"5+ Years","Tier 2"
Masters,2013,"New Delhi",2,27,Female,0,5,1,Left,25-34,"5+ Years","Tier 2"
Bachelors,2015,Bangalore,3,26,Female,0,4,0,Stayed,25-34,"3-4 Years","Tier 3"
Masters,2015,"New Delhi",3,28,Female,0,1,1,Left,25-34,"1-2 Years","Tier 3"
Bachelors,2015,Bangalore,3,26,Female,0,4,1,Left,25-34,"3-4 Years","Tier 3"
Bachelors,2012,Pune,3,24,Male,0,2,0,Stayed,"Under 25","1-2 Years","Tier 3"
Bachelors,2013,"New Delhi",3,24,Male,0,2,0,Stayed,"Under 25","1-2 Years","Tier 3"
Bachelors,2013,Pune,2,27,Female,0,5,1,Left,25-34,"5+ Years","Tier 2"
Masters,2017,"New Delhi",2,26,Male,0,4,1,Left,25-34,"3-4 Years","Tier 2"
Bachelors,2013,Pune,2,25,Male,1,3,1,Left,25-34,"3-4 Years","Tier 2"
Bachelors,2013,Pune,3,26,Female,1,4,0,Stayed,25-34,"3-4 Years","Tier 3"
Bachelors,2015,Bangalore,3,27,Male,0,5,1,Left,25-34,"5+ Years","Tier 3"
Bachelors,2015,Bangalore,3,24,Male,0,2,1,Left,"Under 25","1-2 Years","Tier 3"
Bachelors,2012,"New Delhi",3,26,Female,1,4,0,Stayed,25-34,"3-4 Years","Tier 3"
Masters,2014,Bangalore,3,27,Male,0,5,1,Left,25-34,"5+ Years","Tier 3"
Masters,2017,"New Delhi",2,26,Male,0,4,0,Stayed,25-34,"3-4 Years","Tier 2"
Masters,2014,"New Delhi",3,25,Male,0,3,0,Stayed,25-34,"3-4 Years","Tier 3"
Bachelors,2017,Bangalore,2,27,Male,0,5,0,Stayed,25-34,"5+ Years","Tier 2"
Bachelors,2014,Bangalore,3,26,Male,0,4,1,Left,25-34,"3-4 Years","Tier 3"
Bachelors,2017,Bangalore,1,27,Male,0,5,0,Stayed,25-34,"5+ Years","Tier 1"
Bachelors,2017,Pune,3,28,Male,0,3,0,Stayed,25-34,"3-4 Years","Tier 3"
Bachelors,2017,"New Delhi",3,27,Male,0,5,0,Stayed,25-34,"5+ Years","Tier 3"
Masters,2017,"New Delhi",2,26,Female,0,4,1,Left,25-34,"3-4 Years","Tier 2"
Bachelors,2014,Bangalore,3,28,Male,0,3,0,Stayed,25-34,"3-4 Years","Tier 3"
Masters,2017,Bangalore,3,28,Male,0,1,1,Left,25-34,"1-2 Years","Tier 3"
Bachelors,2017,Bangalore,3,28,Male,1,1,0,Stayed,25-34,"1-2 Years","Tier 3"
Bachelors,2013,Pune,3,24,Female,0,2,0,Stayed,"Under 25","1-2 Years","Tier 3"
Bachelors,2018,"New Delhi",3,25,Female,0,3,1,Left,25-34,"3-4 Years","Tier 3"
Bachelors,2014,Bangalore,3,24,Female,0,2,0,Stayed,"Under 25","1-2 Years","Tier 3"
Masters,2013,"New Delhi",1,24,Female,0,2,0,Stayed,"Under 25","1-2 Years","Tier 1"
Masters,2013,"New Delhi",1,24,Male,1,2,1,Left,"Under 25","1-2 Years","Tier 1"
PHD,2018,"New Delhi",3,24,Female,0,2,1,Left,"Under 25","1-2 Years","Tier 3"
Bachelors,2015,Pune,3,28,Male,0,1,0,Stayed,25-34,"1-2 Years","Tier 3"
PHD,2015,Pune,2,28,Female,0,1,0,Stayed,25-34,"1-2 Years","Tier 2"
Bachelors,2018,Bangalore,3,25,Male,1,3,1,Left,25-34,"3-4 Years","Tier 3"
Bachelors,2015,Bangalore,3,27,Female,0,5,1,Left,25-34,"5+ Years","Tier 3"
Masters,2012,"New Delhi",3,28,Male,0,2,0,Stayed,25-34,"1-2 Years","Tier 3"
Bachelors,2012,"New Delhi",2,27,Female,0,5,1,Left,25-34,"5+ Years","Tier 2"
Bachelors,2018,Bangalore,3,25,Female,0,3,1,Left,25-34,"3-4 Years","Tier 3"
Masters,2018,Pune,3,27,Male,0,5,1,Left,25-34,"5+ Years","Tier 3"
Masters,2017,Bangalore,2,28,Male,1,2,1,Left,25-34,"1-2 Years","Tier 2"
Bachelors,2017,Pune,3,28,Female,0,1,0,Stayed,25-34,"1-2 Years","Tier 3"
Bachelors,2014,"New Delhi",3,26,Female,0,4,0,Stayed,25-34,"3-4 Years","Tier 3"
Bachelors,2017,"New Delhi",3,26,Female,0,4,0,Stayed,25-34,"3-4 Years","Tier 3"
Bachelors,2012,Bangalore,3,25,Female,1,3,0,Stayed,25-34,"3-4 Years","Tier 3"
Bachelors,2017,Bangalore,3,25,Male,1,3,0,Stayed,25-34,"3-4 Years","Tier 3"
Bachelors,2013,Bangalore,3,28,Female,0,1,1,Left,25-34,"1-2 Years","Tier 3"
Bachelors,2013,Pune,3,24,Female,0,2,1,Left,"Under 25","1-2 Years","Tier 3"
Masters,2017,"New Delhi",3,25,Male,0,3,1,Left,25-34,"3-4 Years","Tier 3"
Masters,2017,Pune,2,28,Male,0,3,0,Stayed,25-34,"3-4 Years","Tier 2"
Masters,2017,Pune,2,24,Female,0,2,0,Stayed,"Under 25","1-2 Years","Tier 2"
Masters,2015,Pune,1,26,Female,0,4,0,Stayed,25-34,"3-4 Years","Tier 1"
Masters,2013,Pune,3,26,Male,0,4,0,Stayed,25-34,"3-4 Years","Tier 3"
PHD,2016,Bangalore,3,27,Male,0,5,0,Stayed,25-34,"5+ Years","Tier 3"
Masters,2018,"New Delhi",3,25,Female,0,3,1,Left,25-34,"3-4 Years","Tier 3"
PHD,2013,"New Delhi",3,26,Male,0,4,0,Stayed,25-34,"3-4 Years","Tier 3"
Bachelors,2015,"New Delhi",3,28,Female,0,3,0,Stayed,25-34,"3-4 Years","Tier 3"
Masters,2018,"New Delhi",1,26,Female,0,4,1,Left,25-34,"3-4 Years","Tier 1"
Bachelors,2013,Pune,2,24,Female,0,2,1,Left,"Under 25","1-2 Years","Tier 2"
PHD,2016,Pune,1,25,Female,0,3,1,Left,25-34,"3-4 Years","Tier 1"
Bachelors,2014,Pune,3,26,Male,0,4,1,Left,25-34,"3-4 Years","Tier 3"
Bachelors,2013,Pune,3,28,Female,0,2,1,Left,25-34,"1-2 Years","Tier 3"
Bachelors,2016,Bangalore,1,27,Female,0,5,0,Stayed,25-34,"5+ Years","Tier 1"
Bachelors,2014,"New Delhi",3,24,Male,0,2,0,Stayed,"Under 25","1-2 Years","Tier 3"
Bachelors,2015,Bangalore,3,25,Female,0,3,0,Stayed,25-34,"3-4 Years","Tier 3"
Masters,2016,Bangalore,3,26,Female,0,4,1,Left,25-34,"3-4 Years","Tier 3"
Bachelors,2013,Pune,3,26,Male,1,4,0,Stayed,25-34,"3-4 Years","Tier 3"
Bachelors,2016,"New Delhi",3,28,Female,0,5,0,Stayed,25-34,"5+ Years","Tier 3"
Bachelors,2015,Bangalore,3,28,Male,0,5,0,Stayed,25-34,"5+ Years","Tier 3"
Bachelors,2013,"New Delhi",3,26,Female,0,4,0,Stayed,25-34,"3-4 Years","Tier 3"
Masters,2017,"New Delhi",3,28,Female,0,3,0,Stayed,25-34,"3-4 Years","Tier 3"
Bachelors,2012,"New Delhi",3,24,Female,0,2,1,Left,"Under 25","1-2 Years","Tier 3"
Masters,2015,Pune,1,24,Male,0,2,0,Stayed,"Under 25","1-2 Years","Tier 1"
Bachelors,2017,"New Delhi",3,24,Female,0,2,1,Left,"Under 25","1-2 Years","Tier 3"
Bachelors,2014,Bangalore,3,28,Male,0,1,1,Left,25-34,"1-2 Years","Tier 3"
Masters,2015,"New Delhi",3,24,Male,0,2,1,Left,"Under 25","1-2 Years","Tier 3"
Bachelors,2017,Bangalore,1,24,Male,0,2,0,Stayed,"Under 25","1-2 Years","Tier 1"
Bachelors,2014,"New Delhi",3,27,Female,0,5,1,Left,25-34,"5+ Years","Tier 3"
Bachelors,2013,Pune,1,27,Female,0,5,1,Left,25-34,"5+ Years","Tier 1"
Bachelors,2014,Bangalore,3,28,Female,0,1,0,Stayed,25-34,"1-2 Years","Tier 3"
Bachelors,2015,Bangalore,3,24,Male,1,2,1,Left,"Under 25","1-2 Years","Tier 3"
Masters,2017,Pune,2,25,Female,0,3,1,Left,25-34,"3-4 Years","Tier 2"
Bachelors,2016,Bangalore,3,28,Male,0,3,1,Left,25-34,"3-4 Years","Tier 3"
Bachelors,2015,Bangalore,3,28,Male,0,4,0,Stayed,25-34,"3-4 Years","Tier 3"
Masters,2014,Pune,3,26,Male,0,4,1,Left,25-34,"3-4 Years","Tier 3"
Masters,2013,"New Delhi",1,24,Female,0,2,1,Left,"Under 25","1-2 Years","Tier 1"
Bachelors,2016,Pune,2,28,Female,0,4,1,Left,25-34,"3-4 Years","Tier 2"
Bachelors,2012,Bangalore,3,28,Male,0,1,0,Stayed,25-34,"1-2 Years","Tier 3"
Bachelors,2017,"New Delhi",3,25,Female,0,3,0,Stayed,25-34,"3-4 Years","Tier 3"
Bachelors,2012,Pune,1,27,Female,0,5,1,Left,25-34,"5+ Years","Tier 1"
Bachelors,2013,Bangalore,3,25,Female,0,3,1,Left,25-34,"3-4 Years","Tier 3"
Bachelors,2016,Bangalore,3,28,Male,1,4,0,Stayed,25-34,"3-4 Years","Tier 3"
Bachelors,2014,Bangalore,3,26,Female,0,4,0,Stayed,25-34,"3-4 Years","Tier 3"
Bachelors,2016,"New Delhi",3,26,Male,0,4,0,Stayed,25-34,"3-4 Years","Tier 3"
Bachelors,2014,Bangalore,3,27,Female,1,5,1,Left,25-34,"5+ Years","Tier 3"
PHD,2015,"New Delhi",2,24,Female,0,2,0,Stayed,"Under 25","1-2 Years","Tier 2"
PHD,2015,Pune,1,25,Female,0,3,1,Left,25-34,"3-4 Years","Tier 1"
Bachelors,2013,Bangalore,3,25,Female,0,3,0,Stayed,25-34,"3-4 Years","Tier 3"
Bachelors,2014,Bangalore,3,24,Male,1,2,0,Stayed,"Under 25","1-2 Years","Tier 3"
Masters,2018,"New Delhi",3,26,Male,1,4,1,Left,25-34,"3-4 Years","Tier 3"
Masters,2012,"New Delhi",3,28,Male,1,2,0,Stayed,25-34,"1-2 Years","Tier 3"
PHD,2018,"New Delhi",3,27,Female,0,5,1,Left,25-34,"5+ Years","Tier 3"
Bachelors,2012,Bangalore,3,28,Male,0,5,0,Stayed,25-34,"5+ Years","Tier 3"
Masters,2018,Pune,3,24,Male,0,2,1,Left,"Under 25","1-2 Years","Tier 3"
Bachelors,2018,Pune,2,27,Female,0,5,1,Left,25-34,"5+ Years","Tier 2"
Masters,2014,"New Delhi",3,28,Female,0,4,0,Stayed,25-34,"3-4 Years","Tier 3"
Masters,2017,"New Delhi",3,25,Female,0,3,0,Stayed,25-34,"3-4 Years","Tier 3"
Masters,2017,Bangalore,3,26,Female,0,4,0,Stayed,25-34,"3-4 Years","Tier 3"
Masters,2017,"New Delhi",1,26,Female,0,4,0,Stayed,25-34,"3-4 Years","Tier 1"
Bachelors,2012,"New Delhi",3,28,Male,0,3,0,Stayed,25-34,"3-4 Years","Tier 3"
Bachelors,2013,Bangalore,3,28,Female,0,4,1,Left,25-34,"3-4 Years","Tier 3"
Masters,2012,"New Delhi",3,27,Male,1,5,1,Left,25-34,"5+ Years","Tier 3"
Bachelors,2017,Pune,2,24,Male,0,2,0,Stayed,"Under 25","1-2 Years","Tier 2"
Masters,2017,"New Delhi",3,25,Female,0,3,1,Left,25-34,"3-4 Years","Tier 3"
Bachelors,2018,Bangalore,3,25,Female,1,3,1,Left,25-34,"3-4 Years","Tier 3"
Masters,2017,"New Delhi",3,28,Male,0,2,0,Stayed,25-34,"1-2 Years","Tier 3"
Bachelors,2014,Pune,3,24,Female,0,2,1,Left,"Under 25","1-2 Years","Tier 3"
Bachelors,2015,Bangalore,3,28,Female,0,3,0,Stayed,25-34,"3-4 Years","Tier 3"
Bachelors,2013,Bangalore,3,28,Male,0,3,1,Left,25-34,"3-4 Years","Tier 3"
Bachelors,2015,"New Delhi",2,25,Female,0,3,1,Left,25-34,"3-4 Years","Tier 2"
Bachelors,2012,"New Delhi",3,26,Male,0,4,0,Stayed,25-34,"3-4 Years","Tier 3"
Bachelors,2013,Bangalore,3,28,Male,0,0,0,Stayed,25-34,"0 Years","Tier 3"
Bachelors,2012,Pune,3,28,Male,0,5,0,Stayed,25-34,"5+ Years","Tier 3"
Bachelors,2016,Bangalore,1,26,Male,0,4,0,Stayed,25-34,"3-4 Years","Tier 1"
Masters,2017,"New Delhi",2,28,Female,1,2,1,Left,25-34,"1-2 Years","Tier 2"
Bachelors,2014,Pune,3,27,Male,0,5,1,Left,25-34,"5+ Years","Tier 3"
Bachelors,2016,Pune,2,26,Female,0,4,1,Left,25-34,"3-4 Years","Tier 2"
Bachelors,2018,Bangalore,3,27,Female,1,5,1,Left,25-34,"5+ Years","Tier 3"
Bachelors,2012,Pune,3,28,Male,0,4,0,Stayed,25-34,"3-4 Years","Tier 3"
Bachelors,2012,"New Delhi",1,27,Female,0,5,0,Stayed,25-34,"5+ Years","Tier 1"
Masters,2012,"New Delhi",3,24,Male,0,2,0,Stayed,"Under 25","1-2 Years","Tier 3"
Bachelors,2013,"New Delhi",2,25,Female,0,3,1,Left,25-34,"3-4 Years","Tier 2"
Masters,2013,Pune,3,25,Male,1,3,1,Left,25-34,"3-4 Years","Tier 3"
Bachelors,2015,Pune,3,24,Female,0,2,1,Left,"Under 25","1-2 Years","Tier 3"
Masters,2012,"New Delhi",3,26,Female,0,4,1,Left,25-34,"3-4 Years","Tier 3"
Bachelors,2016,Pune,2,28,Female,0,0,1,Left,25-34,"0 Years","Tier 2"
Bachelors,2012,"New Delhi",3,24,Male,0,2,0,Stayed,"Under 25","1-2 Years","Tier 3"
Bachelors,2015,"New Delhi",3,28,Male,0,1,0,Stayed,25-34,"1-2 Years","Tier 3"
Masters,2017,Pune,2,28,Female,0,4,0,Stayed,25-34,"3-4 Years","Tier 2"
Bachelors,2016,Bangalore,3,28,Female,0,5,0,Stayed,25-34,"5+ Years","Tier 3"
Bachelors,2015,Bangalore,3,28,Female,0,5,0,Stayed,25-34,"5+ Years","Tier 3"
Bachelors,2015,Bangalore,1,24,Male,0,2,0,Stayed,"Under 25","1-2 Years","Tier 1"
Bachelors,2015,Pune,3,28,Female,0,4,1,Left,25-34,"3-4 Years","Tier 3"
Masters,2017,Bangalore,2,24,Female,1,2,1,Left,"Under 25","1-2 Years","Tier 2"
Bachelors,2014,"New Delhi",3,26,Female,0,4,1,Left,25-34,"3-4 Years","Tier 3"
Masters,2013,Pune,2,28,Male,0,5,1,Left,25-34,"5+ Years","Tier 2"
Bachelors,2013,"New Delhi",1,28,Female,0,5,1,Left,25-34,"5+ Years","Tier 1"
Masters,2015,"New Delhi",3,28,Male,0,2,0,Stayed,25-34,"1-2 Years","Tier 3"
Bachelors,2014,Pune,3,27,Female,0,5,1,Left,25-34,"5+ Years","Tier 3"
Masters,2018,"New Delhi",3,24,Male,0,2,1,Left,"Under 25","1-2 Years","Tier 3"
Bachelors,2018,Bangalore,3,26,Male,1,4,1,Left,25-34,"3-4 Years","Tier 3"
Masters,2017,"New Delhi",3,24,Female,0,2,0,Stayed,"Under 25","1-2 Years","Tier 3"
Bachelors,2017,Pune,3,25,Male,1,3,1,Left,25-34,"3-4 Years","Tier 3"
Bachelors,2013,Pune,3,27,Male,1,5,1,Left,25-34,"5+ Years","Tier 3"
Bachelors,2016,Bangalore,3,26,Female,0,4,1,Left,25-34,"3-4 Years","Tier 3"
Masters,2017,Bangalore,2,28,Male,0,2,0,Stayed,25-34,"1-2 Years","Tier 2"
Masters,2017,"New Delhi",2,28,Male,0,3,0,Stayed,25-34,"3-4 Years","Tier 2"
Bachelors,2015,Bangalore,3,26,Female,1,4,0,Stayed,25-34,"3-4 Years","Tier 3"
Masters,2018,Pune,3,28,Male,0,2,1,Left,25-34,"1-2 Years","Tier 3"
PHD,2016,"New Delhi",3,27,Male,0,5,0,Stayed,25-34,"5+ Years","Tier 3"
Bachelors,2015,"New Delhi",3,28,Female,0,2,0,Stayed,25-34,"1-2 Years","Tier 3"
PHD,2015,Pune,3,28,Male,0,0,0,Stayed,25-34,"0 Years","Tier 3"
Bachelors,2016,Bangalore,3,28,Male,0,5,0,Stayed,25-34,"5+ Years","Tier 3"
Bachelors,2014,"New Delhi",3,26,Male,0,4,0,Stayed,25-34,"3-4 Years","Tier 3"
Bachelors,2016,Pune,3,24,Male,1,2,0,Stayed,"Under 25","1-2 Years","Tier 3"
Bachelors,2013,Pune,2,28,Female,0,2,1,Left,25-34,"1-2 Years","Tier 2"
Masters,2017,Bangalore,2,24,Male,0,2,1,Left,"Under 25","1-2 Years","Tier 2"
Masters,2015,Pune,2,24,Female,0,2,1,Left,"Under 25","1-2 Years","Tier 2"
Bachelors,2016,Bangalore,1,25,Female,0,3,0,Stayed,25-34,"3-4 Years","Tier 1"
PHD,2014,Bangalore,1,25,Female,0,3,0,Stayed,25-34,"3-4 Years","Tier 1"
Bachelors,2014,"New Delhi",3,28,Male,0,5,0,Stayed,25-34,"5+ Years","Tier 3"
Masters,2013,"New Delhi",3,28,Male,0,2,1,Left,25-34,"1-2 Years","Tier 3"
Masters,2015,"New Delhi",2,26,Female,0,4,0,Stayed,25-34,"3-4 Years","Tier 2"
Bachelors,2016,"New Delhi",3,27,Male,0,5,0,Stayed,25-34,"5+ Years","Tier 3"
Masters,2017,Pune,3,24,Female,0,2,0,Stayed,"Under 25","1-2 Years","Tier 3"
Bachelors,2015,Pune,3,27,Female,0,5,1,Left,25-34,"5+ Years","Tier 3"
Bachelors,2017,"New Delhi",2,28,Male,0,0,0,Stayed,25-34,"0 Years","Tier 2"
Bachelors,2012,Pune,3,24,Male,0,2,1,Left,"Under 25","1-2 Years","Tier 3"
Masters,2016,"New Delhi",3,25,Male,0,3,1,Left,25-34,"3-4 Years","Tier 3"
Bachelors,2014,"New Delhi",3,25,Male,0,3,0,Stayed,25-34,"3-4 Years","Tier 3"
Bachelors,2014,Bangalore,1,26,Male,0,4,0,Stayed,25-34,"3-4 Years","Tier 1"
Bachelors,2017,Pune,2,26,Male,0,4,0,Stayed,25-34,"3-4 Years","Tier 2"
Bachelors,2015,Bangalore,3,28,Male,0,0,0,Stayed,25-34,"0 Years","Tier 3"
Bachelors,2013,Pune,3,28,Female,1,3,1,Left,25-34,"3-4 Years","Tier 3"
Bachelors,2012,"New Delhi",3,28,Female,0,4,0,Stayed,25-34,"3-4 Years","Tier 3"
Bachelors,2017,Pune,3,25,Female,0,3,1,Left,25-34,"3-4 Years","Tier 3"
Bachelors,2014,"New Delhi",3,28,Female,1,2,0,Stayed,25-34,"1-2 Years","Tier 3"
Bachelors,2012,Bangalore,3,27,Female,1,5,0,Stayed,25-34,"5+ Years","Tier 3"
Bachelors,2016,Bangalore,2,25,Male,0,3,1,Left,25-34,"3-4 Years","Tier 2"
Bachelors,2016,Bangalore,3,28,Female,0,4,0,Stayed,25-34,"3-4 Years","Tier 3"
Bachelors,2012,"New Delhi",3,25,Female,0,3,0,Stayed,25-34,"3-4 Years","Tier 3"
PHD,2017,"New Delhi",3,27,Female,0,5,0,Stayed,25-34,"5+ Years","Tier 3"
Bachelors,2012,"New Delhi",3,27,Male,0,5,0,Stayed,25-34,"5+ Years","Tier 3"
Bachelors,2012,Pune,3,25,Female,0,3,1,Left,25-34,"3-4 Years","Tier 3"
Masters,2015,"New Delhi",3,27,Female,0,5,0,Stayed,25-34,"5+ Years","Tier 3"
Bachelors,2018,"New Delhi",3,26,Female,0,4,1,Left,25-34,"3-4 Years","Tier 3"
PHD,2012,"New Delhi",3,28,Female,0,1,0,Stayed,25-34,"1-2 Years","Tier 3"
Bachelors,2013,Bangalore,3,28,Female,0,0,1,Left,25-34,"0 Years","Tier 3"
Bachelors,2015,Bangalore,1,24,Female,0,2,1,Left,"Under 25","1-2 Years","Tier 1"
Masters,2014,Pune,3,27,Male,0,5,0,Stayed,25-34,"5+ Years","Tier 3"
Masters,2017,"New Delhi",1,25,Female,0,3,0,Stayed,25-34,"3-4 Years","Tier 1"
Masters,2012,Pune,3,28,Male,0,0,1,Left,25-34,"0 Years","Tier 3"
Masters,2012,"New Delhi",3,28,Male,0,2,1,Left,25-34,"1-2 Years","Tier 3"
Masters,2017,"New Delhi",3,28,Male,0,5,0,Stayed,25-34,"5+ Years","Tier 3"
Masters,2015,Bangalore,3,28,Male,0,1,1,Left,25-34,"1-2 Years","Tier 3"
Bachelors,2018,"New Delhi",3,28,Female,0,0,1,Left,25-34,"0 Years","Tier 3"
PHD,2012,Pune,3,27,Male,0,5,0,Stayed,25-34,"5+ Years","Tier 3"
Bachelors,2018,Bangalore,3,26,Female,1,4,1,Left,25-34,"3-4 Years","Tier 3"
PHD,2018,Bangalore,3,27,Female,0,5,1,Left,25-34,"5+ Years","Tier 3"
Bachelors,2015,"New Delhi",1,26,Female,0,4,1,Left,25-34,"3-4 Years","Tier 1"
Bachelors,2014,Bangalore,3,26,Female,0,4,1,Left,25-34,"3-4 Years","Tier 3"
Bachelors,2017,Pune,2,28,Male,0,1,1,Left,25-34,"1-2 Years","Tier 2"
Bachelors,2013,"New Delhi",3,25,Female,1,3,1,Left,25-34,"3-4 Years","Tier 3"
Bachelors,2017,Bangalore,1,28,Female,0,3,0,Stayed,25-34,"3-4 Years","Tier 1"
Bachelors,2015,"New Delhi",3,27,Male,0,5,0,Stayed,25-34,"5+ Years","Tier 3"
Masters,2013,Pune,2,28,Male,0,2,1,Left,25-34,"1-2 Years","Tier 2"
Masters,2016,"New Delhi",3,25,Male,0,3,0,Stayed,25-34,"3-4 Years","Tier 3"
Bachelors,2017,Bangalore,3,28,Female,1,5,0,Stayed,25-34,"5+ Years","Tier 3"
Bachelors,2012,Bangalore,1,27,Male,0,5,1,Left,25-34,"5+ Years","Tier 1"
Bachelors,2015,Pune,3,28,Female,1,5,1,Left,25-34,"5+ Years","Tier 3"
Bachelors,2015,Bangalore,3,26,Male,0,4,1,Left,25-34,"3-4 Years","Tier 3"
Masters,2015,Pune,2,26,Female,1,4,1,Left,25-34,"3-4 Years","Tier 2"
Masters,2015,Pune,3,25,Male,0,3,1,Left,25-34,"3-4 Years","Tier 3"
Bachelors,2016,Pune,3,27,Female,0,5,1,Left,25-34,"5+ Years","Tier 3"
Bachelors,2018,Pune,3,26,Male,1,4,1,Left,25-34,"3-4 Years","Tier 3"
Bachelors,2017,Bangalore,3,27,Male,0,5,1,Left,25-34,"5+ Years","Tier 3"
Bachelors,2018,"New Delhi",3,28,Female,0,5,1,Left,25-34,"5+ Years","Tier 3"
Bachelors,2015,Bangalore,3,28,Male,0,0,1,Left,25-34,"0 Years","Tier 3"
Bachelors,2016,"New Delhi",3,28,Female,0,3,0,Stayed,25-34,"3-4 Years","Tier 3"
Masters,2018,"New Delhi",3,28,Male,0,2,1,Left,25-34,"1-2 Years","Tier 3"
Bachelors,2017,"New Delhi",2,28,Female,0,0,0,Stayed,25-34,"0 Years","Tier 2"
Bachelors,2012,Bangalore,3,28,Male,0,2,0,Stayed,25-34,"1-2 Years","Tier 3"
Bachelors,2016,Bangalore,1,24,Male,0,2,0,Stayed,"Under 25","1-2 Years","Tier 1"
Bachelors,2016,Pune,3,27,Male,0,5,0,Stayed,25-34,"5+ Years","Tier 3"
Bachelors,2018,Pune,3,25,Female,0,3,1,Left,25-34,"3-4 Years","Tier 3"
Bachelors,2015,Pune,3,24,Male,1,2,0,Stayed,"Under 25","1-2 Years","Tier 3"
Bachelors,2013,Bangalore,3,24,Female,0,2,1,Left,"Under 25","1-2 Years","Tier 3"
Bachelors,2013,Pune,2,28,Male,1,0,1,Left,25-34,"0 Years","Tier 2"
Masters,2018,Bangalore,3,28,Male,0,2,1,Left,25-34,"1-2 Years","Tier 3"
Bachelors,2016,"New Delhi",3,28,Male,0,0,0,Stayed,25-34,"0 Years","Tier 3"
Bachelors,2012,Bangalore,1,27,Male,0,5,0,Stayed,25-34,"5+ Years","Tier 1"
Bachelors,2017,Bangalore,3,28,Female,0,5,0,Stayed,25-34,"5+ Years","Tier 3"
Bachelors,2017,Pune,2,28,Male,0,0,1,Left,25-34,"0 Years","Tier 2"
Bachelors,2015,Bangalore,2,28,Female,0,3,1,Left,25-34,"3-4 Years","Tier 2"
Bachelors,2013,Bangalore,3,25,Male,1,3,1,Left,25-34,"3-4 Years","Tier 3"
Masters,2017,Pune,2,25,Female,0,3,0,Stayed,25-34,"3-4 Years","Tier 2"
Bachelors,2014,Bangalore,3,27,Male,1,5,0,Stayed,25-34,"5+ Years","Tier 3"
Bachelors,2018,Pune,3,24,Male,0,2,1,Left,"Under 25","1-2 Years","Tier 3"
Bachelors,2015,"New Delhi",2,27,Female,1,5,1,Left,25-34,"5+ Years","Tier 2"
Masters,2017,"New Delhi",3,27,Female,0,5,1,Left,25-34,"5+ Years","Tier 3"
Bachelors,2018,Pune,3,27,Female,0,5,1,Left,25-34,"5+ Years","Tier 3"
PHD,2013,"New Delhi",3,27,Female,0,5,1,Left,25-34,"5+ Years","Tier 3"
Bachelors,2014,Pune,3,27,Male,1,5,0,Stayed,25-34,"5+ Years","Tier 3"
Masters,2013,Bangalore,3,26,Female,0,4,1,Left,25-34,"3-4 Years","Tier 3"
Bachelors,2017,"New Delhi",3,28,Female,0,0,0,Stayed,25-34,"0 Years","Tier 3"
PHD,2016,"New Delhi",3,27,Female,0,5,0,Stayed,25-34,"5+ Years","Tier 3"
Masters,2014,Bangalore,3,28,Female,0,4,1,Left,25-34,"3-4 Years","Tier 3"
Masters,2015,"New Delhi",3,28,Male,0,0,0,Stayed,25-34,"0 Years","Tier 3"
Bachelors,2013,Pune,1,26,Female,0,4,1,Left,25-34,"3-4 Years","Tier 1"
Masters,2017,"New Delhi",3,28,Male,0,0,0,Stayed,25-34,"0 Years","Tier 3"
Bachelors,2012,Bangalore,3,28,Female,0,1,0,Stayed,25-34,"1-2 Years","Tier 3"
Bachelors,2018,"New Delhi",3,24,Female,0,2,1,Left,"Under 25","1-2 Years","Tier 3"
Bachelors,2018,Pune,3,24,Male,1,2,1,Left,"Under 25","1-2 Years","Tier 3"
Bachelors,2018,Pune,2,28,Female,0,5,1,Left,25-34,"5+ Years","Tier 2"
Bachelors,2013,Bangalore,1,24,Male,0,2,0,Stayed,"Under 25","1-2 Years","Tier 1"
Bachelors,2012,Bangalore,1,28,Male,0,3,0,Stayed,25-34,"3-4 Years","Tier 1"
Bachelors,2016,Pune,2,28,Female,0,3,1,Left,25-34,"3-4 Years","Tier 2"
Bachelors,2017,Pune,2,28,Male,0,3,0,Stayed,25-34,"3-4 Years","Tier 2"
Bachelors,2017,Bangalore,3,25,Female,0,3,1,Left,25-34,"3-4 Years","Tier 3"
Masters,2013,"New Delhi",3,25,Male,0,3,1,Left,25-34,"3-4 Years","Tier 3"
Bachelors,2017,Bangalore,3,28,Male,0,1,1,Left,25-34,"1-2 Years","Tier 3"
Bachelors,2015,Pune,1,24,Female,0,2,1,Left,"Under 25","1-2 Years","Tier 1"
Masters,2013,"New Delhi",3,24,Female,1,2,1,Left,"Under 25","1-2 Years","Tier 3"
Bachelors,2014,Pune,2,28,Female,0,3,1,Left,25-34,"3-4 Years","Tier 2"
Bachelors,2015,Pune,2,28,Female,0,5,1,Left,25-34,"5+ Years","Tier 2"
Bachelors,2016,"New Delhi",3,26,Female,0,4,0,Stayed,25-34,"3-4 Years","Tier 3"
Bachelors,2015,Bangalore,1,27,Male,0,5,0,Stayed,25-34,"5+ Years","Tier 1"
PHD,2018,Pune,3,26,Male,0,4,1,Left,25-34,"3-4 Years","Tier 3"
Bachelors,2014,Bangalore,3,28,Male,0,0,0,Stayed,25-34,"0 Years","Tier 3"
Masters,2015,Pune,3,26,Female,0,4,0,Stayed,25-34,"3-4 Years","Tier 3"
Bachelors,2016,Bangalore,3,27,Male,0,5,1,Left,25-34,"5+ Years","Tier 3"
Bachelors,2016,"New Delhi",3,28,Female,0,4,0,Stayed,25-34,"3-4 Years","Tier 3"
Masters,2015,Bangalore,2,27,Female,0,5,1,Left,25-34,"5+ Years","Tier 2"
Masters,2017,Pune,1,28,Male,0,0,0,Stayed,25-34,"0 Years","Tier 1"
Masters,2015,"New Delhi",3,28,Female,0,2,0,Stayed,25-34,"1-2 Years","Tier 3"
Bachelors,2017,Bangalore,3,26,Male,0,4,1,Left,25-34,"3-4 Years","Tier 3"
Bachelors,2017,Pune,3,28,Female,0,4,1,Left,25-34,"3-4 Years","Tier 3"
Masters,2015,Pune,2,27,Female,0,5,0,Stayed,25-34,"5+ Years","Tier 2"
Bachelors,2013,Bangalore,3,28,Female,0,1,0,Stayed,25-34,"1-2 Years","Tier 3"
Bachelors,2012,Bangalore,3,28,Female,0,2,1,Left,25-34,"1-2 Years","Tier 3"
PHD,2018,"New Delhi",3,26,Male,0,4,1,Left,25-34,"3-4 Years","Tier 3"
Bachelors,2018,Pune,3,28,Male,0,2,1,Left,25-34,"1-2 Years","Tier 3"
Bachelors,2013,"New Delhi",3,26,Male,0,4,0,Stayed,25-34,"3-4 Years","Tier 3"
Bachelors,2013,Bangalore,3,28,Male,1,1,0,Stayed,25-34,"1-2 Years","Tier 3"
PHD,2016,"New Delhi",1,26,Male,0,4,0,Stayed,25-34,"3-4 Years","Tier 1"
Bachelors,2017,Bangalore,2,28,Female,0,1,0,Stayed,25-34,"1-2 Years","Tier 2"
Masters,2014,"New Delhi",3,25,Female,0,3,0,Stayed,25-34,"3-4 Years","Tier 3"
Bachelors,2014,Bangalore,3,28,Male,0,5,0,Stayed,25-34,"5+ Years","Tier 3"
Bachelors,2016,Bangalore,3,28,Male,1,0,0,Stayed,25-34,"0 Years","Tier 3"
PHD,2017,Pune,3,27,Male,0,5,0,Stayed,25-34,"5+ Years","Tier 3"
Masters,2017,Bangalore,3,25,Male,0,3,0,Stayed,25-34,"3-4 Years","Tier 3"
Masters,2017,Bangalore,1,26,Male,0,4,0,Stayed,25-34,"3-4 Years","Tier 1"
Masters,2012,Pune,3,26,Male,0,4,1,Left,25-34,"3-4 Years","Tier 3"
PHD,2016,Bangalore,3,25,Male,0,3,0,Stayed,25-34,"3-4 Years","Tier 3"
Bachelors,2017,"New Delhi",2,25,Male,0,3,1,Left,25-34,"3-4 Years","Tier 2"
Bachelors,2015,"New Delhi",3,27,Female,0,5,0,Stayed,25-34,"5+ Years","Tier 3"
Masters,2017,Pune,2,25,Male,0,3,0,Stayed,25-34,"3-4 Years","Tier 2"
Masters,2014,Bangalore,3,24,Female,0,2,0,Stayed,"Under 25","1-2 Years","Tier 3"
Bachelors,2014,Pune,3,28,Female,0,2,1,Left,25-34,"1-2 Years","Tier 3"
Bachelors,2014,Pune,2,28,Female,0,0,1,Left,25-34,"0 Years","Tier 2"
Bachelors,2017,"New Delhi",3,25,Female,1,3,0,Stayed,25-34,"3-4 Years","Tier 3"
Masters,2017,Bangalore,2,26,Male,0,4,1,Left,25-34,"3-4 Years","Tier 2"
Bachelors,2014,"New Delhi",3,27,Female,0,5,0,Stayed,25-34,"5+ Years","Tier 3"
Bachelors,2017,Bangalore,3,28,Male,0,5,0,Stayed,25-34,"5+ Years","Tier 3"
Bachelors,2015,Bangalore,1,24,Female,0,2,0,Stayed,"Under 25","1-2 Years","Tier 1"
Bachelors,2016,Pune,3,28,Female,0,4,1,Left,25-34,"3-4 Years","Tier 3"
Bachelors,2015,Pune,3,27,Female,1,5,1,Left,25-34,"5+ Years","Tier 3"
Masters,2016,"New Delhi",3,25,Female,0,3,0,Stayed,25-34,"3-4 Years","Tier 3"
Bachelors,2012,Pune,3,24,Male,1,2,0,Stayed,"Under 25","1-2 Years","Tier 3"
Bachelors,2013,Bangalore,1,24,Female,0,2,1,Left,"Under 25","1-2 Years","Tier 1"
PHD,2017,Pune,3,28,Male,0,1,0,Stayed,25-34,"1-2 Years","Tier 3"
Bachelors,2016,"New Delhi",3,28,Male,0,4,0,Stayed,25-34,"3-4 Years","Tier 3"
Bachelors,2013,"New Delhi",3,24,Female,0,2,0,Stayed,"Under 25","1-2 Years","Tier 3"
Masters,2017,"New Delhi",3,26,Male,0,4,1,Left,25-34,"3-4 Years","Tier 3"
Bachelors,2014,Pune,2,27,Male,0,5,0,Stayed,25-34,"5+ Years","Tier 2"
Masters,2013,Bangalore,3,25,Male,0,3,1,Left,25-34,"3-4 Years","Tier 3"
Masters,2012,"New Delhi",3,27,Female,0,5,1,Left,25-34,"5+ Years","Tier 3"
Masters,2017,Bangalore,2,25,Male,0,3,0,Stayed,25-34,"3-4 Years","Tier 2"
Bachelors,2012,"New Delhi",3,28,Male,0,5,0,Stayed,25-34,"5+ Years","Tier 3"
Bachelors,2017,"New Delhi",3,28,Female,0,4,0,Stayed,25-34,"3-4 Years","Tier 3"
Bachelors,2016,Pune,3,27,Male,0,5,1,Left,25-34,"5+ Years","Tier 3"
PHD,2014,Bangalore,3,28,Female,0,0,0,Stayed,25-34,"0 Years","Tier 3"
Bachelors,2013,Bangalore,2,24,Female,0,2,1,Left,"Under 25","1-2 Years","Tier 2"
Bachelors,2013,"New Delhi",1,25,Female,0,3,1,Left,25-34,"3-4 Years","Tier 1"
Masters,2017,"New Delhi",3,28,Male,0,1,1,Left,25-34,"1-2 Years","Tier 3"
Bachelors,2017,Bangalore,3,27,Female,1,5,0,Stayed,25-34,"5+ Years","Tier 3"
Masters,2017,"New Delhi",1,26,Female,0,4,1,Left,25-34,"3-4 Years","Tier 1"
Masters,2017,Bangalore,2,26,Female,0,4,0,Stayed,25-34,"3-4 Years","Tier 2"
Masters,2014,"New Delhi",1,25,Female,0,3,0,Stayed,25-34,"3-4 Years","Tier 1"
Masters,2012,"New Delhi",3,25,Male,0,3,1,Left,25-34,"3-4 Years","Tier 3"
Bachelors,2014,Bangalore,1,25,Male,0,3,0,Stayed,25-34,"3-4 Years","Tier 1"
Bachelors,2013,Pune,3,28,Male,0,0,0,Stayed,25-34,"0 Years","Tier 3"
Bachelors,2014,Pune,1,28,Female,0,3,1,Left,25-34,"3-4 Years","Tier 1"
Masters,2013,"New Delhi",3,28,Female,0,2,0,Stayed,25-34,"1-2 Years","Tier 3"
Masters,2017,Bangalore,2,27,Female,0,5,1,Left,25-34,"5+ Years","Tier 2"
Masters,2017,"New Delhi",2,28,Female,0,3,0,Stayed,25-34,"3-4 Years","Tier 2"
Masters,2015,Bangalore,3,27,Female,0,5,0,Stayed,25-34,"5+ Years","Tier 3"
Masters,2017,Pune,3,27,Female,0,5,1,Left,25-34,"5+ Years","Tier 3"
Masters,2014,Bangalore,3,28,Female,0,3,1,Left,25-34,"3-4 Years","Tier 3"
Bachelors,2015,Pune,2,28,Female,0,4,1,Left,25-34,"3-4 Years","Tier 2"
Bachelors,2017,Bangalore,3,28,Female,0,3,1,Left,25-34,"3-4 Years","Tier 3"
Bachelors,2016,Bangalore,3,25,Male,1,3,1,Left,25-34,"3-4 Years","Tier 3"
Masters,2017,Bangalore,2,24,Female,0,2,0,Stayed,"Under 25","1-2 Years","Tier 2"
Masters,2017,"New Delhi",1,24,Female,0,2,0,Stayed,"Under 25","1-2 Years","Tier 1"
Bachelors,2014,Pune,3,28,Male,0,0,0,Stayed,25-34,"0 Years","Tier 3"
Masters,2013,"New Delhi",3,28,Male,0,1,0,Stayed,25-34,"1-2 Years","Tier 3"
Bachelors,2017,Pune,3,28,Male,0,1,0,Stayed,25-34,"1-2 Years","Tier 3"
PHD,2018,Bangalore,3,27,Male,0,5,1,Left,25-34,"5+ Years","Tier 3"
Masters,2017,Pune,3,25,Male,0,3,0,Stayed,25-34,"3-4 Years","Tier 3"
Bachelors,2017,"New Delhi",3,24,Female,0,2,0,Stayed,"Under 25","1-2 Years","Tier 3"
PHD,2014,Pune,3,24,Male,0,2,0,Stayed,"Under 25","1-2 Years","Tier 3"
PHD,2017,Bangalore,3,24,Female,0,2,0,Stayed,"Under 25","1-2 Years","Tier 3"
Masters,2017,"New Delhi",2,25,Female,1,3,1,Left,25-34,"3-4 Years","Tier 2"
Bachelors,2016,Pune,3,28,Female,0,2,1,Left,25-34,"1-2 Years","Tier 3"
Masters,2017,"New Delhi",1,26,Male,0,4,0,Stayed,25-34,"3-4 Years","Tier 1"
Bachelors,2013,Pune,2,26,Male,1,4,0,Stayed,25-34,"3-4 Years","Tier 2"
Bachelors,2018,Pune,1,26,Male,1,4,0,Stayed,25-34,"3-4 Years","Tier 1"
PHD,2017,"New Delhi",3,28,Male,0,3,0,Stayed,25-34,"3-4 Years","Tier 3"
Bachelors,2017,"New Delhi",2,24,Female,0,2,1,Left,"Under 25","1-2 Years","Tier 2"
Masters,2015,Pune,2,28,Female,0,0,0,Stayed,25-34,"0 Years","Tier 2"
Bachelors,2017,Pune,3,26,Male,1,4,0,Stayed,25-34,"3-4 Years","Tier 3"
Masters,2017,Pune,3,27,Male,0,5,1,Left,25-34,"5+ Years","Tier 3"
Bachelors,2013,Bangalore,1,27,Female,0,5,0,Stayed,25-34,"5+ Years","Tier 1"
Bachelors,2017,Pune,3,28,Male,0,2,0,Stayed,25-34,"1-2 Years","Tier 3"
Bachelors,2014,"New Delhi",3,28,Male,0,1,0,Stayed,25-34,"1-2 Years","Tier 3"
Bachelors,2017,"New Delhi",2,28,Female,0,2,0,Stayed,25-34,"1-2 Years","Tier 2"
PHD,2014,"New Delhi",3,25,Male,0,3,0,Stayed,25-34,"3-4 Years","Tier 3"
Masters,2017,"New Delhi",2,24,Male,1,2,1,Left,"Under 25","1-2 Years","Tier 2"
Bachelors,2014,Bangalore,2,26,Female,0,4,1,Left,25-34,"3-4 Years","Tier 2"
Bachelors,2016,Pune,3,27,Female,0,5,0,Stayed,25-34,"5+ Years","Tier 3"
Bachelors,2014,Pune,2,28,Female,0,1,1,Left,25-34,"1-2 Years","Tier 2"
Bachelors,2017,Bangalore,2,28,Female,0,2,1,Left,25-34,"1-2 Years","Tier 2"
Bachelors,2017,"New Delhi",2,26,Female,0,4,1,Left,25-34,"3-4 Years","Tier 2"
Bachelors,2012,Bangalore,3,24,Female,0,2,0,Stayed,"Under 25","1-2 Years","Tier 3"
Bachelors,2015,"New Delhi",3,24,Male,0,2,0,Stayed,"Under 25","1-2 Years","Tier 3"
Bachelors,2013,"New Delhi",3,28,Female,1,2,0,Stayed,25-34,"1-2 Years","Tier 3"
Bachelors,2017,Bangalore,3,26,Male,1,4,0,Stayed,25-34,"3-4 Years","Tier 3"
Bachelors,2012,Bangalore,3,26,Male,1,4,0,Stayed,25-34,"3-4 Years","Tier 3"
Masters,2017,Bangalore,2,27,Male,0,5,0,Stayed,25-34,"5+ Years","Tier 2"
Masters,2015,Bangalore,3,26,Female,0,4,1,Left,25-34,"3-4 Years","Tier 3"
Bachelors,2015,"New Delhi",2,24,Female,0,2,1,Left,"Under 25","1-2 Years","Tier 2"
Masters,2015,"New Delhi",2,27,Female,0,5,1,Left,25-34,"5+ Years","Tier 2"
PHD,2017,"New Delhi",3,24,Male,0,2,0,Stayed,"Under 25","1-2 Years","Tier 3"
Masters,2015,Bangalore,3,27,Male,0,5,1,Left,25-34,"5+ Years","Tier 3"
Bachelors,2015,"New Delhi",2,28,Female,0,1,1,Left,25-34,"1-2 Years","Tier 2"
Bachelors,2014,Bangalore,3,28,Male,0,2,1,Left,25-34,"1-2 Years","Tier 3"
Masters,2017,"New Delhi",1,27,Male,0,5,0,Stayed,25-34,"5+ Years","Tier 1"
Bachelors,2012,Bangalore,3,28,Female,0,1,1,Left,25-34,"1-2 Years","Tier 3"
Masters,2012,"New Delhi",3,27,Female,0,5,0,Stayed,25-34,"5+ Years","Tier 3"
Masters,2014,"New Delhi",3,26,Male,0,4,0,Stayed,25-34,"3-4 Years","Tier 3"
Bachelors,2016,"New Delhi",3,24,Male,1,2,0,Stayed,"Under 25","1-2 Years","Tier 3"
Masters,2017,Bangalore,3,28,Female,0,0,1,Left,25-34,"0 Years","Tier 3"
Bachelors,2017,Pune,3,27,Male,1,5,0,Stayed,25-34,"5+ Years","Tier 3"
Bachelors,2015,"New Delhi",2,29,Female,0,1,1,Left,25-34,"1-2 Years","Tier 2"
Bachelors,2012,Bangalore,3,29,Male,0,1,0,Stayed,25-34,"1-2 Years","Tier 3"
Bachelors,2015,Pune,3,28,Female,0,2,1,Left,25-34,"1-2 Years","Tier 3"
Masters,2017,"New Delhi",3,26,Female,0,4,0,Stayed,25-34,"3-4 Years","Tier 3"
Bachelors,2015,Pune,3,28,Female,1,2,1,Left,25-34,"1-2 Years","Tier 3"
Bachelors,2017,"New Delhi",3,28,Female,0,1,0,Stayed,25-34,"1-2 Years","Tier 3"
Bachelors,2018,Pune,3,27,Male,0,5,1,Left,25-34,"5+ Years","Tier 3"
Bachelors,2014,Bangalore,3,29,Male,1,2,0,Stayed,25-34,"1-2 Years","Tier 3"
Bachelors,2017,Pune,3,26,Female,0,4,1,Left,25-34,"3-4 Years","Tier 3"
Bachelors,2014,Pune,3,30,Male,0,2,0,Stayed,25-34,"1-2 Years","Tier 3"
Masters,2017,"New Delhi",3,29,Male,0,2,1,Left,25-34,"1-2 Years","Tier 3"
Bachelors,2016,Bangalore,3,30,Female,0,2,1,Left,25-34,"1-2 Years","Tier 3"
Bachelors,2012,Bangalore,3,26,Female,0,4,1,Left,25-34,"3-4 Years","Tier 3"
Bachelors,2014,Bangalore,3,29,Male,0,1,0,Stayed,25-34,"1-2 Years","Tier 3"
PHD,2018,"New Delhi",2,29,Female,0,1,1,Left,25-34,"1-2 Years","Tier 2"
Masters,2015,Pune,3,30,Female,0,2,0,Stayed,25-34,"1-2 Years","Tier 3"
Masters,2013,"New Delhi",2,29,Female,0,2,1,Left,25-34,"1-2 Years","Tier 2"
Bachelors,2016,Bangalore,3,29,Male,0,2,0,Stayed,25-34,"1-2 Years","Tier 3"
Masters,2017,Pune,2,30,Female,0,2,0,Stayed,25-34,"1-2 Years","Tier 2"
Bachelors,2015,Pune,2,30,Female,1,1,1,Left,25-34,"1-2 Years","Tier 2"
Masters,2017,"New Delhi",2,29,Female,0,2,1,Left,25-34,"1-2 Years","Tier 2"
Bachelors,2015,Bangalore,3,30,Male,0,2,0,Stayed,25-34,"1-2 Years","Tier 3"
Bachelors,2014,Bangalore,3,30,Male,0,2,0,Stayed,25-34,"1-2 Years","Tier 3"
Bachelors,2013,"New Delhi",3,29,Female,0,1,1,Left,25-34,"1-2 Years","Tier 3"
Masters,2015,Bangalore,2,27,Female,1,5,1,Left,25-34,"5+ Years","Tier 2"
Masters,2017,"New Delhi",2,29,Female,0,2,0,Stayed,25-34,"1-2 Years","Tier 2"
Bachelors,2012,Bangalore,3,29,Male,0,1,1,Left,25-34,"1-2 Years","Tier 3"
Bachelors,2012,Bangalore,2,27,Female,0,5,1,Left,25-34,"5+ Years","Tier 2"
PHD,2016,Bangalore,3,29,Female,0,1,0,Stayed,25-34,"1-2 Years","Tier 3"
Masters,2018,Bangalore,3,30,Female,0,2,1,Left,25-34,"1-2 Years","Tier 3"
Masters,2017,"New Delhi",2,30,Male,0,2,0,Stayed,25-34,"1-2 Years","Tier 2"
Bachelors,2012,Bangalore,3,30,Male,0,1,0,Stayed,25-34,"1-2 Years","Tier 3"
Masters,2013,"New Delhi",3,26,Female,0,4,0,Stayed,25-34,"3-4 Years","Tier 3"
PHD,2015,"New Delhi",1,29,Male,0,2,0,Stayed,25-34,"1-2 Years","Tier 1"
Bachelors,2016,Pune,3,30,Male,0,1,0,Stayed,25-34,"1-2 Years","Tier 3"
Bachelors,2014,Pune,2,29,Female,0,2,1,Left,25-34,"1-2 Years","Tier 2"
Bachelors,2016,Bangalore,3,30,Male,0,2,0,Stayed,25-34,"1-2 Years","Tier 3"
PHD,2015,"New Delhi",2,29,Female,1,1,0,Stayed,25-34,"1-2 Years","Tier 2"
Bachelors,2018,Bangalore,3,30,Male,0,2,1,Left,25-34,"1-2 Years","Tier 3"
Masters,2017,Pune,2,29,Female,0,2,0,Stayed,25-34,"1-2 Years","Tier 2"
Masters,2016,Bangalore,3,29,Female,0,2,0,Stayed,25-34,"1-2 Years","Tier 3"
Bachelors,2012,"New Delhi",3,29,Male,0,1,0,Stayed,25-34,"1-2 Years","Tier 3"
Bachelors,2013,Pune,2,29,Female,0,1,1,Left,25-34,"1-2 Years","Tier 2"
Bachelors,2016,Bangalore,3,30,Male,0,1,0,Stayed,25-34,"1-2 Years","Tier 3"
Bachelors,2013,"New Delhi",3,30,Female,0,1,0,Stayed,25-34,"1-2 Years","Tier 3"
Masters,2017,Pune,2,29,Male,0,2,0,Stayed,25-34,"1-2 Years","Tier 2"
Bachelors,2016,"New Delhi",3,29,Female,0,1,0,Stayed,25-34,"1-2 Years","Tier 3"
Bachelors,2015,"New Delhi",3,28,Female,1,1,0,Stayed,25-34,"1-2 Years","Tier 3"
